{"stat.pickup.tombstone.soul_receptacle":1,"stat.chestOpened":3,"stat.pickup.minecraft.bone":1,"stat.useItem.minecraft.stone":1,"stat.leaveGame":6,"stat.useItem.minecraft.sponge":11,"stat.useItem.minecraft.diamond_sword":5,"stat.jump":687,"stat.swimOneCm":5360,"stat.fallOneCm":209,"stat.useItem.minecraft.planks":94,"stat.climbOneCm":2192,"stat.crouchOneCm":4639,"stat.pickup.minecraft.dirt":42,"stat.useItem.minecraft.dirt":29,"stat.useItem.minecraft.stone_slab2":549,"stat.pickup.minecraft.bow":1,"stat.useItem.minecraft.water_bucket":10,"stat.boatOneCm":8986,"stat.useItem.minecraft.vine":4,"stat.damageTaken":0,"stat.pickup.minecraft.leather":3,"stat.useItem.spartanweaponry.parrying_dagger_diamond":7,"stat.useItem.minecraft.anvil":4,"stat.flyOneCm":522024,"tombstone:undead_killed":2,"stat.pickup.minecraft.wheat_seeds":3,"stat.pickup.minecraft.potato":9,"tombstone:villager_killed":2,"stat.killEntity.Villager":2,"stat.damageDealt":509,"stat.timeSinceDeath":99000,"stat.killEntity.Cow":1,"stat.useItem.minecraft.sign":1,"stat.pickup.minecraft.double_plant":1,"stat.walkOneCm":85763,"stat.useItem.minecraft.torch":12,"stat.pickup.minecraft.stick":1,"stat.useItem.minecraft.log":61,"stat.useItem.minecraft.tnt":57,"stat.furnaceInteraction":3,"stat.killEntity.Wolf":1,"stat.pickup.minecraft.log":9,"stat.pickup.minecraft.beef":3,"stat.pickup.tombstone.crafting_ingredient":2,"stat.sprintOneCm":71913,"stat.killEntity.Skeleton":2,"stat.useItem.minecraft.stone_slab":39,"stat.mobKills":6,"stat.mineBlock.minecraft.log":1,"stat.pickup.minecraft.egg":1,"stat.playOneMinute":99000,"stat.pickup.minecraft.red_flower":1,"stat.sneakTime":2153,"stat.mineBlock.minecraft.tallgrass":1,"stat.diveOneCm":12085}