{"stat.pickup.tombstone.soul_receptacle":1,"stat.chestOpened":3,"stat.useItem.minecraft.string":3,"stat.pickup.minecraft.bone":1,"stat.useItem.minecraft.stone":1,"stat.leaveGame":7,"stat.useItem.minecraft.sponge":11,"stat.useItem.minecraft.diamond_sword":5,"stat.jump":1028,"stat.swimOneCm":14989,"stat.fallOneCm":209,"stat.useItem.minecraft.planks":94,"stat.climbOneCm":3184,"stat.crouchOneCm":6367,"stat.pickup.minecraft.spider_eye":1,"stat.pickup.minecraft.dirt":42,"stat.useItem.minecraft.dirt":29,"stat.useItem.minecraft.stone_slab2":828,"stat.pickup.minecraft.bow":1,"stat.useItem.minecraft.water_bucket":10,"stat.pickup.minecraft.rotten_flesh":3,"stat.boatOneCm":8986,"stat.useItem.minecraft.golden_sword":10,"stat.useItem.minecraft.vine":4,"stat.damageTaken":0,"stat.pickup.minecraft.leather":3,"stat.useItem.spartanweaponry.parrying_dagger_diamond":7,"stat.useItem.minecraft.anvil":4,"stat.flyOneCm":746143,"tombstone:undead_killed":2,"stat.pickup.minecraft.wheat_seeds":3,"stat.pickup.minecraft.potato":9,"tombstone:villager_killed":2,"stat.killEntity.Villager":2,"stat.damageDealt":840,"stat.timeSinceDeath":119557,"stat.killEntity.Cow":1,"stat.useItem.minecraft.sign":1,"stat.useItem.minecraft.crafting_table":2,"stat.pickup.minecraft.double_plant":1,"stat.walkOneCm":116165,"stat.useItem.minecraft.torch":12,"stat.pickup.minecraft.stick":1,"stat.drop.minecraft.rotten_flesh":2,"stat.useItem.minecraft.log":61,"stat.useItem.minecraft.tnt":57,"stat.furnaceInteraction":3,"stat.killEntity.Wolf":1,"stat.pickup.minecraft.log":9,"stat.pickup.minecraft.string":2,"stat.pickup.minecraft.beef":3,"stat.pickup.tombstone.crafting_ingredient":2,"stat.sprintOneCm":96196,"stat.killEntity.Skeleton":2,"stat.useItem.minecraft.stone_slab":39,"stat.killEntity.Spider":1,"stat.mobKills":7,"stat.mineBlock.minecraft.log":1,"stat.drop":4,"stat.pickup.minecraft.egg":1,"stat.playOneMinute":119557,"stat.drop.minecraft.string":2,"stat.pickup.minecraft.red_flower":1,"stat.sneakTime":2675,"stat.mineBlock.minecraft.tallgrass":1,"stat.diveOneCm":12085}