{"stat.pickup.tombstone.soul_receptacle":1,"stat.chestOpened":1,"stat.pickup.minecraft.bone":1,"stat.useItem.minecraft.stone":1,"stat.leaveGame":5,"stat.useItem.minecraft.sponge":11,"stat.jump":460,"stat.swimOneCm":5360,"stat.fallOneCm":209,"stat.useItem.minecraft.planks":94,"stat.crouchOneCm":1409,"stat.pickup.minecraft.dirt":42,"stat.useItem.minecraft.dirt":29,"stat.useItem.minecraft.stone_slab2":117,"stat.useItem.minecraft.water_bucket":10,"stat.boatOneCm":8986,"stat.damageTaken":0,"stat.pickup.minecraft.leather":3,"stat.useItem.spartanweaponry.parrying_dagger_diamond":7,"stat.flyOneCm":439141,"tombstone:undead_killed":1,"stat.pickup.minecraft.wheat_seeds":3,"stat.pickup.minecraft.potato":9,"tombstone:villager_killed":2,"stat.killEntity.Villager":2,"stat.damageDealt":310,"stat.timeSinceDeath":81764,"stat.killEntity.Cow":1,"stat.useItem.minecraft.sign":1,"stat.pickup.minecraft.double_plant":1,"stat.walkOneCm":48078,"stat.useItem.minecraft.torch":12,"stat.pickup.minecraft.stick":1,"stat.useItem.minecraft.log":61,"stat.useItem.minecraft.tnt":57,"stat.killEntity.Wolf":1,"stat.pickup.minecraft.log":9,"stat.pickup.minecraft.beef":3,"stat.pickup.tombstone.crafting_ingredient":2,"stat.sprintOneCm":42462,"stat.killEntity.Skeleton":1,"stat.useItem.minecraft.stone_slab":39,"stat.mobKills":5,"stat.mineBlock.minecraft.log":1,"stat.pickup.minecraft.egg":1,"stat.playOneMinute":81764,"stat.pickup.minecraft.red_flower":1,"stat.sneakTime":1405,"stat.mineBlock.minecraft.tallgrass":1,"stat.diveOneCm":12085}