{"stats":{"minecraft:custom":{"minecraft:mob_kills":94,"minecraft:interact_with_anvil":1,"minecraft:animals_bred":1,"minecraft:interact_with_crafting_table":1,"minecraft:open_barrel":16,"minecraft:damage_dealt_resisted":574,"minecraft:leave_game":6,"minecraft:time_since_death":70492,"minecraft:climb_one_cm":1731,"minecraft:sprint_one_cm":319708,"minecraft:walk_one_cm":167465,"minecraft:damage_blocked_by_shield":253,"minecraft:drop":5,"minecraft:talked_to_villager":8,"minecraft:play_time":92468,"minecraft:deaths":2,"minecraft:sneak_time":5589,"minecraft:walk_under_water_one_cm":10716,"minecraft:jump":1158,"minecraft:interact_with_blast_furnace":7,"minecraft:walk_on_water_one_cm":15841,"minecraft:total_world_time":92468,"minecraft:interact_with_furnace":1,"spartanshields:shield_bash_hits":1,"minecraft:sleep_in_bed":1,"minecraft:time_since_rest":49593,"minecraft:damage_taken":2389,"minecraft:damage_dealt":16157,"minecraft:swim_one_cm":25340,"minecraft:fly_one_cm":975651,"minecraft:open_chest":45,"minecraft:crouch_one_cm":7106,"tombstone:undead_killed":21,"minecraft:interact_with_smoker":10,"minecraft:fall_one_cm":42135},"minecraft:picked_up":{"minecraft:chainmail_boots":1,"minecraft:anvil":1,"minecraft:golden_pickaxe":1,"artifacts:bunny_hoppers":1,"minecraft:oak_stairs":4,"artifacts:chorus_totem":4,"minecraft:amethyst_block":61,"minecraft:string":1,"minecraft:raw_copper":2,"artifacts:power_glove":1,"minecraft:iron_leggings":1,"artifacts:feral_claws":2,"minecraft:diamond_leggings":1,"minecraft:red_sand":26,"minecraft:cobbled_deepslate":23,"minecraft:beef":16,"minecraft:calcite":26,"minecraft:light_gray_wool":1,"minecraft:sugar_cane":6,"artifacts:universal_attractor":1,"minecraft:raw_iron":8,"minecraft:composter":1,"minecraft:oak_fence":1,"minecraft:porkchop":4,"minecraft:golden_axe":1,"minecraft:cherry_log":15,"tombstone:grave_dust":2,"minecraft:diorite":40,"minecraft:tnt":1,"artifacts:cowboy_hat":1,"artifacts:lucky_scarf":1,"minecraft:arrow":3,"minecraft:rotten_flesh":12,"minecraft:diamond_chestplate":1,"artifacts:snowshoes":2,"minecraft:diamond_boots":1,"artifacts:running_shoes":1,"artifacts:panic_necklace":1,"minecraft:mutton":17,"minecraft:white_wool":10,"minecraft:cobblestone":208,"minecraft:enchanting_table":1,"minecraft:pink_petals":16,"vampirism:item_tent":1,"artifacts:novelty_drinking_hat":1,"minecraft:andesite":5,"minecraft:salmon":10,"minecraft:leather":11,"minecraft:oak_log":19,"minecraft:cobblestone_stairs":4,"minecraft:gunpowder":4,"scalinghealth:heart_crystal":1,"minecraft:dirt":4,"artifacts:flippers":1,"artifacts:shock_pendant":2,"hmag:evil_crystal_fragment":1,"minecraft:bone":7,"minecraft:bow":1,"minecraft:wheat_seeds":5,"minecraft:raw_gold":5,"scalinghealth:power_crystal_shard":10,"minecraft:diamond_helmet":1,"artifacts:steadfast_spikes":1,"minecraft:fletching_table":2,"minecraft:oak_planks":4,"minecraft:smooth_basalt":18,"minecraft:dandelion":1,"minecraft:amethyst_shard":16,"minecraft:blast_furnace":1,"minecraft:crying_obsidian":3,"artifacts:scarf_of_invisibility":1,"minecraft:spider_eye":2,"minecraft:diamond":4,"artifacts:golden_hook":1,"artifacts:crystal_heart":1,"evilcraft:dark_gem":25,"minecraft:iron_helmet":1,"minecraft:granite":7,"minecraft:cherry_sapling":1,"minecraft:golden_apple":1,"minecraft:coal":20,"minecraft:dark_oak_fence":2},"minecraft:killed_by":{"artifacts:mimic":1},"minecraft:mined":{"minecraft:crying_obsidian":3,"minecraft:tuff":1,"minecraft:deepslate_diamond_ore":1,"minecraft:cherry_log":15,"minecraft:cobblestone_stairs":4,"minecraft:granite":7,"minecraft:dark_oak_fence":2,"minecraft:grass_block":3,"minecraft:composter":1,"minecraft:spawner":4,"minecraft:iron_ore":6,"minecraft:andesite":5,"minecraft:fletching_table":2,"evilcraft:dark_ore":5,"minecraft:anvil":1,"minecraft:enchanting_table":1,"minecraft:small_amethyst_bud":1,"minecraft:oak_stairs":8,"minecraft:stone":202,"minecraft:amethyst_cluster":3,"minecraft:dandelion":1,"minecraft:oak_fence":1,"minecraft:blast_furnace":1,"minecraft:calcite":26,"minecraft:sculk_sensor":1,"minecraft:cobblestone":7,"minecraft:sugar_cane":2,"minecraft:oak_planks":2,"minecraft:sculk":50,"minecraft:diorite":40,"minecraft:amethyst_block":61,"minecraft:pink_petals":6,"minecraft:grass":14,"minecraft:oak_log":19,"minecraft:coal_ore":9,"minecraft:cherry_leaves":11,"minecraft:dirt":1,"minecraft:smooth_basalt":18,"minecraft:deepslate":21},"minecraft:crafted":{"minecraft:cooked_beef":16,"minecraft:crafting_table":1,"minecraft:baked_potato":21,"minecraft:air":0,"minecraft:book":1,"minecraft:paper":3,"minecraft:iron_ingot":36},"minecraft:killed":{"vampirism:vampire":2,"minecraft:spider":2,"hmag:skeleton_girl":1,"minecraft:skeleton":3,"hmag:zombie_girl":1,"artifacts:mimic":30,"hmag:ghost":1,"minecraft:pig":2,"minecraft:salmon":10,"minecraft:creeper":1,"hmag:kobold":1,"minecraft:sheep":11,"minecraft:zombie":15,"minecraft:enderman":6,"minecraft:cow":8},"minecraft:used":{"minecraft:oak_fence":1,"minecraft:enchanting_table":1,"minecraft:dirt":4,"minecraft:anvil":1,"scalinghealth:heart_crystal":36,"minecraft:diamond_helmet":1,"artifacts:mimic_spawn_egg":22,"hmag:exp_berry":30,"scalinghealth:power_crystal":10,"minecraft:diamond_chestplate":2,"spartanshields:iron_basic_shield":5,"tombstone:gift":2,"minecraft:cooked_beef":12,"minecraft:diamond_boots":2,"minecraft:baked_potato":6,"minecraft:composter":1,"minecraft:fletching_table":1,"minecraft:diamond_axe":98,"minecraft:sugar_cane":3,"minecraft:crafting_table":1,"minecraft:blast_furnace":2,"minecraft:lingering_potion":15,"minecraft:endermite_spawn_egg":2,"minecraft:smoker":1,"minecraft:oak_log":1,"minecraft:enderman_spawn_egg":11,"minecraft:diamond_pickaxe":420,"hmag:fire_bottle":7,"minecraft:bread":8,"minecraft:diamond_sword":98,"minecraft:dandelion":1,"minecraft:diamond_leggings":2},"minecraft:dropped":{"minecraft:diamond_leggings":1,"tombstone:grave_key":1,"minecraft:diamond_helmet":1,"minecraft:diamond_chestplate":1,"minecraft:diamond_boots":1}},"DataVersion":3465}