{"stats":{"minecraft:custom":{"minecraft:interact_with_anvil":1,"minecraft:mob_kills":131,"minecraft:animals_bred":1,"minecraft:interact_with_crafting_table":9,"minecraft:open_barrel":18,"minecraft:damage_dealt_resisted":1364,"minecraft:leave_game":8,"minecraft:time_since_death":130244,"minecraft:climb_one_cm":2006,"minecraft:sprint_one_cm":513548,"minecraft:walk_one_cm":277318,"minecraft:damage_blocked_by_shield":335,"minecraft:drop":21,"vampirism:skills_unlocked":1,"minecraft:talked_to_villager":9,"minecraft:play_time":152220,"minecraft:sneak_time":17045,"minecraft:deaths":2,"minecraft:walk_under_water_one_cm":18375,"minecraft:jump":2301,"minecraft:interact_with_blast_furnace":8,"minecraft:walk_on_water_one_cm":23162,"minecraft:enchant_item":2,"minecraft:total_world_time":152220,"minecraft:interact_with_furnace":1,"spartanshields:shield_bash_hits":3,"minecraft:sleep_in_bed":1,"minecraft:time_since_rest":109345,"minecraft:damage_taken":3257,"minecraft:damage_dealt":28088,"minecraft:swim_one_cm":41643,"minecraft:fly_one_cm":1269529,"minecraft:open_chest":68,"minecraft:crouch_one_cm":55513,"tombstone:undead_killed":30,"minecraft:interact_with_smoker":10,"minecraft:fall_one_cm":94352},"minecraft:picked_up":{"minecraft:chainmail_boots":1,"minecraft:nether_brick_fence":8,"minecraft:iron_trapdoor":5,"minecraft:anvil":1,"minecraft:golden_pickaxe":1,"artifacts:bunny_hoppers":1,"minecraft:oak_stairs":4,"artifacts:chorus_totem":4,"minecraft:chain":2,"minecraft:amethyst_block":61,"minecraft:string":2,"minecraft:raw_copper":2,"artifacts:power_glove":1,"evilcraft:poison_sac":1,"artifacts:feral_claws":2,"minecraft:iron_leggings":1,"minecraft:blackstone":213,"minecraft:diamond_leggings":1,"minecraft:red_sand":26,"minecraft:cobbled_deepslate":162,"minecraft:mossy_cobblestone_wall":2,"minecraft:beef":21,"minecraft:andesite_stairs":8,"minecraft:cobblestone_slab":48,"minecraft:calcite":26,"minecraft:iron_nugget":3,"minecraft:light_gray_wool":1,"minecraft:sugar_cane":16,"artifacts:universal_attractor":1,"minecraft:raw_iron":8,"minecraft:composter":1,"minecraft:oak_fence":1,"minecraft:porkchop":4,"minecraft:polished_blackstone_bricks":3,"minecraft:golden_axe":1,"minecraft:cherry_log":15,"vampirism:vampire_fang":1,"tombstone:grave_dust":2,"minecraft:diorite":48,"vampirism:amulet":1,"minecraft:tnt":1,"minecraft:rotten_flesh":16,"artifacts:lucky_scarf":1,"vampirism:blood_bottle":1,"minecraft:arrow":4,"minecraft:diamond_chestplate":1,"artifacts:cowboy_hat":1,"minecraft:diamond_boots":1,"artifacts:snowshoes":2,"artifacts:running_shoes":1,"artifacts:panic_necklace":1,"minecraft:mutton":17,"minecraft:iron_bars":6,"minecraft:white_wool":10,"minecraft:cobblestone":349,"minecraft:enchanting_table":2,"minecraft:pink_petals":16,"vampirism:item_tent":2,"artifacts:novelty_drinking_hat":1,"minecraft:salmon":10,"minecraft:andesite":5,"minecraft:leather":15,"minecraft:oak_log":19,"minecraft:gunpowder":6,"minecraft:cobblestone_wall":1,"minecraft:cobblestone_stairs":20,"scalinghealth:heart_crystal":2,"minecraft:gray_concrete":166,"artifacts:flippers":1,"minecraft:dirt":9,"minecraft:lantern":1,"artifacts:shock_pendant":2,"hmag:evil_crystal_fragment":3,"minecraft:bone":7,"vampirism:human_heart":6,"minecraft:pearlescent_froglight":1,"minecraft:bow":1,"minecraft:wheat_seeds":10,"minecraft:raw_gold":5,"scalinghealth:power_crystal_shard":12,"minecraft:fletching_table":2,"artifacts:steadfast_spikes":1,"minecraft:diamond_helmet":1,"minecraft:oak_planks":4,"minecraft:book":18,"minecraft:smooth_basalt":18,"hmag:soul_powder":2,"minecraft:dandelion":3,"minecraft:amethyst_shard":16,"minecraft:soul_torch":4,"minecraft:blast_furnace":1,"artifacts:scarf_of_invisibility":1,"minecraft:crying_obsidian":3,"minecraft:spider_eye":4,"minecraft:polished_andesite":1,"artifacts:golden_hook":1,"minecraft:diamond":11,"artifacts:crystal_heart":1,"evilcraft:dark_gem":25,"minecraft:iron_helmet":1,"enchantinginfuser:enchanting_infuser":1,"minecraft:granite":7,"minecraft:cherry_sapling":1,"minecraft:golden_apple":1,"minecraft:gray_wool":69,"tombstone:magic_scroll":1,"minecraft:dark_oak_fence":2,"minecraft:dark_oak_wood":34,"minecraft:coal":20},"minecraft:killed_by":{"artifacts:mimic":1},"minecraft:mined":{"minecraft:diamond_ore":4,"minecraft:crying_obsidian":3,"minecraft:tuff":1,"minecraft:deepslate_diamond_ore":1,"enchantinginfuser:enchanting_infuser":1,"minecraft:andesite_stairs":8,"minecraft:cherry_log":15,"minecraft:cobblestone_stairs":21,"minecraft:granite":7,"minecraft:dark_oak_fence":2,"minecraft:grass_block":6,"minecraft:composter":1,"minecraft:spawner":4,"minecraft:polished_blackstone_bricks":3,"minecraft:iron_ore":6,"minecraft:cobbled_deepslate":140,"minecraft:andesite":5,"minecraft:anvil":1,"evilcraft:dark_ore":5,"minecraft:fletching_table":2,"minecraft:enchanting_table":2,"minecraft:nether_brick_fence":8,"minecraft:bookshelf":6,"minecraft:cobblestone_slab":50,"minecraft:small_amethyst_bud":1,"minecraft:oak_stairs":8,"minecraft:iron_bars":6,"minecraft:lantern":1,"minecraft:stone":243,"minecraft:gray_concrete":170,"minecraft:blackstone":213,"minecraft:amethyst_cluster":3,"minecraft:soul_torch":2,"minecraft:dandelion":3,"vampirism:tent_main":3,"minecraft:oak_fence":1,"minecraft:dark_oak_wood":38,"minecraft:blast_furnace":1,"minecraft:mossy_cobblestone_wall":3,"minecraft:calcite":26,"minecraft:sculk_sensor":1,"minecraft:tall_grass":1,"minecraft:cobblestone":106,"minecraft:oak_planks":2,"minecraft:sugar_cane":6,"minecraft:sculk":50,"minecraft:diorite":48,"minecraft:amethyst_block":61,"minecraft:pearlescent_froglight":1,"minecraft:pink_petals":6,"minecraft:chain":2,"minecraft:gray_wool":71,"minecraft:cobblestone_wall":1,"minecraft:grass":32,"minecraft:oak_log":19,"minecraft:coal_ore":9,"vampirism:fire_place":1,"minecraft:cherry_leaves":11,"minecraft:dirt":4,"minecraft:smooth_basalt":18,"minecraft:polished_andesite":1,"minecraft:deepslate":21,"minecraft:iron_trapdoor":5},"minecraft:killed":{"vampirism:vampire":3,"vampirism:advanced_vampire":1,"hmag:creeper_girl":1,"minecraft:spider":6,"hmag:skeleton_girl":1,"minecraft:skeleton":5,"hmag:zombie_girl":2,"hmag:catoblepas":3,"artifacts:mimic":30,"hmag:ghost":3,"minecraft:pig":2,"minecraft:salmon":10,"minecraft:creeper":5,"vampirism:hunter":14,"hmag:kobold":1,"minecraft:sheep":11,"minecraft:zombie":19,"minecraft:enderman":6,"minecraft:cow":8},"minecraft:crafted":{"minecraft:oak_planks":72,"minecraft:bookshelf":7,"minecraft:chest":3,"minecraft:cooked_beef":16,"enchantinginfuser:enchanting_infuser":1,"minecraft:crafting_table":1,"minecraft:baked_potato":21,"scalinghealth:heart_crystal":5,"minecraft:bucket":1,"minecraft:air":0,"minecraft:book":1,"minecraft:paper":3,"minecraft:diamond_pickaxe":1,"minecraft:iron_ingot":36,"minecraft:shears":1},"minecraft:used":{"minecraft:oak_fence":1,"minecraft:enchanting_table":1,"minecraft:chest":3,"minecraft:dirt":5,"minecraft:anvil":1,"scalinghealth:heart_crystal":37,"minecraft:diamond_helmet":1,"artifacts:mimic_spawn_egg":22,"minecraft:milk_bucket":1,"hmag:exp_berry":30,"minecraft:bookshelf":7,"scalinghealth:power_crystal":10,"minecraft:diamond_chestplate":2,"spartanshields:iron_basic_shield":8,"tombstone:gift":2,"minecraft:cooked_beef":13,"minecraft:water_bucket":13,"minecraft:diorite":8,"minecraft:diamond_boots":2,"minecraft:baked_potato":6,"minecraft:composter":1,"minecraft:sugar_cane":3,"minecraft:diamond_axe":144,"minecraft:fletching_table":1,"minecraft:crafting_table":1,"minecraft:blast_furnace":2,"minecraft:gray_concrete":4,"minecraft:lingering_potion":15,"minecraft:endermite_spawn_egg":2,"minecraft:shears":63,"minecraft:smoker":1,"minecraft:oak_log":1,"minecraft:enderman_spawn_egg":11,"minecraft:diamond_pickaxe":1210,"hmag:fire_bottle":7,"minecraft:bread":24,"enchantinginfuser:enchanting_infuser":2,"minecraft:diamond_sword":204,"minecraft:cobblestone":55,"minecraft:bucket":14,"minecraft:dandelion":1,"minecraft:gray_wool":4,"minecraft:diamond_leggings":2},"minecraft:dropped":{"minecraft:wheat_seeds":7,"minecraft:diamond_leggings":1,"minecraft:cobblestone":73,"minecraft:leather":4,"vampirism:item_tent":1,"minecraft:diorite":40,"minecraft:iron_trapdoor":5,"tombstone:grave_key":1,"minecraft:diamond_helmet":1,"minecraft:chain":2,"minecraft:string":1,"evilcraft:poison_sac":1,"vampirism:vampire_fang":1,"minecraft:diamond_chestplate":1,"minecraft:andesite":5,"minecraft:diamond_boots":1,"minecraft:beef":2}},"DataVersion":3465}