{"stats":{"minecraft:custom":{"minecraft:interact_with_furnace":1,"spartanshields:shield_bash_hits":1,"minecraft:interact_with_anvil":1,"minecraft:mob_kills":86,"minecraft:animals_bred":1,"minecraft:interact_with_crafting_table":1,"minecraft:open_barrel":16,"minecraft:leave_game":5,"minecraft:time_since_death":46454,"minecraft:sleep_in_bed":1,"minecraft:climb_one_cm":1707,"minecraft:time_since_rest":25555,"minecraft:sprint_one_cm":217951,"minecraft:damage_taken":1633,"minecraft:walk_one_cm":123131,"minecraft:damage_blocked_by_shield":45,"minecraft:drop":5,"minecraft:damage_dealt":12985,"minecraft:swim_one_cm":11108,"minecraft:talked_to_villager":8,"minecraft:fly_one_cm":917125,"minecraft:open_chest":45,"minecraft:crouch_one_cm":1679,"minecraft:play_time":68430,"minecraft:sneak_time":3413,"tombstone:undead_killed":15,"minecraft:deaths":2,"minecraft:walk_under_water_one_cm":4456,"minecraft:jump":697,"minecraft:interact_with_blast_furnace":7,"minecraft:walk_on_water_one_cm":7079,"minecraft:interact_with_smoker":10,"minecraft:total_world_time":68430,"minecraft:fall_one_cm":17086},"minecraft:picked_up":{"minecraft:enchanting_table":1,"minecraft:chainmail_boots":1,"minecraft:anvil":1,"vampirism:item_tent":1,"artifacts:novelty_drinking_hat":1,"minecraft:salmon":10,"minecraft:golden_pickaxe":1,"minecraft:leather":11,"artifacts:bunny_hoppers":1,"minecraft:oak_stairs":4,"artifacts:chorus_totem":4,"minecraft:oak_log":19,"hmag:evil_crystal_fragment":1,"minecraft:gunpowder":4,"minecraft:cobblestone_stairs":4,"scalinghealth:heart_crystal":1,"minecraft:dirt":4,"minecraft:string":1,"artifacts:flippers":1,"minecraft:raw_copper":2,"artifacts:power_glove":1,"artifacts:feral_claws":2,"artifacts:shock_pendant":2,"minecraft:iron_leggings":1,"minecraft:bone":3,"minecraft:wheat_seeds":5,"minecraft:diamond_leggings":1,"minecraft:red_sand":26,"minecraft:raw_gold":5,"minecraft:beef":16,"scalinghealth:power_crystal_shard":10,"minecraft:light_gray_wool":1,"minecraft:fletching_table":2,"minecraft:diamond_helmet":1,"artifacts:steadfast_spikes":1,"minecraft:sugar_cane":6,"minecraft:oak_planks":4,"artifacts:universal_attractor":1,"minecraft:composter":1,"minecraft:oak_fence":1,"minecraft:dandelion":1,"minecraft:porkchop":4,"minecraft:golden_axe":1,"minecraft:blast_furnace":1,"minecraft:crying_obsidian":3,"artifacts:scarf_of_invisibility":1,"minecraft:spider_eye":2,"minecraft:arrow":1,"minecraft:tnt":1,"minecraft:diamond_chestplate":1,"minecraft:rotten_flesh":12,"artifacts:lucky_scarf":1,"artifacts:cowboy_hat":1,"minecraft:diamond":4,"artifacts:golden_hook":1,"artifacts:crystal_heart":1,"minecraft:diamond_boots":1,"artifacts:snowshoes":2,"minecraft:iron_helmet":1,"artifacts:running_shoes":1,"minecraft:golden_apple":1,"artifacts:panic_necklace":1,"minecraft:dark_oak_fence":2,"minecraft:mutton":17,"minecraft:coal":9,"minecraft:white_wool":10,"minecraft:cobblestone":7},"minecraft:killed_by":{"artifacts:mimic":1},"minecraft:mined":{"minecraft:crying_obsidian":3,"minecraft:deepslate_diamond_ore":1,"minecraft:cobblestone_stairs":4,"minecraft:dandelion":1,"minecraft:oak_fence":1,"minecraft:dark_oak_fence":2,"minecraft:blast_furnace":1,"minecraft:grass_block":3,"minecraft:sugar_cane":2,"minecraft:composter":1,"minecraft:cobblestone":7,"minecraft:oak_planks":2,"minecraft:spawner":4,"minecraft:fletching_table":2,"minecraft:anvil":1,"minecraft:enchanting_table":1,"minecraft:grass":14,"minecraft:oak_log":19,"minecraft:oak_stairs":8,"minecraft:dirt":1,"minecraft:stone":1},"minecraft:killed":{"vampirism:vampire":1,"minecraft:pig":2,"minecraft:salmon":10,"minecraft:spider":2,"hmag:skeleton_girl":1,"minecraft:creeper":1,"minecraft:sheep":11,"minecraft:skeleton":1,"minecraft:zombie":13,"minecraft:cow":8,"minecraft:enderman":6,"artifacts:mimic":30},"minecraft:used":{"minecraft:oak_fence":1,"minecraft:enchanting_table":1,"minecraft:diamond_boots":2,"minecraft:baked_potato":6,"minecraft:composter":1,"minecraft:sugar_cane":3,"minecraft:diamond_axe":80,"minecraft:fletching_table":1,"minecraft:dirt":4,"minecraft:anvil":1,"scalinghealth:heart_crystal":36,"minecraft:crafting_table":1,"minecraft:blast_furnace":2,"minecraft:endermite_spawn_egg":2,"minecraft:diamond_helmet":1,"minecraft:lingering_potion":15,"artifacts:mimic_spawn_egg":22,"minecraft:smoker":1,"minecraft:oak_log":1,"minecraft:enderman_spawn_egg":11,"hmag:exp_berry":30,"minecraft:diamond_pickaxe":22,"hmag:fire_bottle":7,"minecraft:bread":8,"scalinghealth:power_crystal":10,"minecraft:diamond_chestplate":2,"minecraft:diamond_sword":70,"spartanshields:iron_basic_shield":1,"tombstone:gift":2,"minecraft:cooked_beef":1,"minecraft:dandelion":1,"minecraft:diamond_leggings":2},"minecraft:crafted":{"minecraft:cooked_beef":16,"minecraft:crafting_table":1,"minecraft:baked_potato":21,"minecraft:air":0,"minecraft:book":1,"minecraft:paper":3,"minecraft:iron_ingot":36},"minecraft:dropped":{"minecraft:diamond_leggings":1,"minecraft:diamond_chestplate":1,"tombstone:grave_key":1,"minecraft:diamond_helmet":1,"minecraft:diamond_boots":1}},"DataVersion":3465}