{"stats":{"minecraft:custom":{"minecraft:time_since_rest":3967,"minecraft:sprint_one_cm":22206,"minecraft:damage_taken":630,"minecraft:walk_one_cm":28071,"minecraft:interact_with_anvil":1,"minecraft:mob_kills":29,"minecraft:damage_dealt":586,"minecraft:talked_to_villager":2,"minecraft:fly_one_cm":696401,"minecraft:open_barrel":11,"minecraft:open_chest":7,"minecraft:crouch_one_cm":360,"minecraft:play_time":21752,"tombstone:undead_killed":5,"minecraft:deaths":1,"minecraft:sneak_time":1988,"minecraft:walk_under_water_one_cm":1015,"minecraft:jump":78,"minecraft:leave_game":1,"minecraft:walk_on_water_one_cm":1538,"minecraft:time_since_death":5214,"minecraft:climb_one_cm":20,"minecraft:interact_with_smoker":1,"minecraft:total_world_time":21752,"minecraft:fall_one_cm":844},"minecraft:picked_up":{"minecraft:chainmail_boots":1,"vampirism:item_tent":1,"artifacts:novelty_drinking_hat":1,"minecraft:golden_pickaxe":1,"minecraft:leather":4,"artifacts:chorus_totem":2,"minecraft:golden_axe":1,"scalinghealth:heart_crystal":1,"artifacts:scarf_of_invisibility":1,"minecraft:spider_eye":2,"artifacts:flippers":1,"minecraft:raw_copper":2,"minecraft:iron_leggings":1,"artifacts:shock_pendant":1,"artifacts:feral_claws":1,"minecraft:rotten_flesh":2,"artifacts:golden_hook":1,"minecraft:diamond":3,"artifacts:crystal_heart":1,"minecraft:raw_gold":5,"artifacts:snowshoes":1,"minecraft:iron_helmet":1,"scalinghealth:power_crystal_shard":10,"minecraft:golden_apple":1,"minecraft:coal":9},"minecraft:used":{"minecraft:enderman_spawn_egg":11,"hmag:exp_berry":23,"hmag:fire_bottle":7,"minecraft:lingering_potion":15,"minecraft:endermite_spawn_egg":2,"artifacts:mimic_spawn_egg":22},"minecraft:killed":{"vampirism:vampire":1,"minecraft:zombie":5,"minecraft:enderman":6,"artifacts:mimic":17}},"DataVersion":3465}