{"stats":{"minecraft:killed":{"vampirism:vampire":5,"vampirism:advanced_vampire":1,"hmag:creeper_girl":1,"minecraft:spider":6,"hmag:skeleton_girl":1,"minecraft:skeleton":5,"hmag:zombie_girl":2,"minecraft:warden":2,"hmag:catoblepas":3,"artifacts:mimic":30,"hmag:harpy":1,"hmag:ghost":3,"minecraft:pig":2,"minecraft:zombie_villager":1,"minecraft:salmon":10,"minecraft:iron_golem":1,"minecraft:creeper":5,"vampirism:hunter":32,"hmag:kobold":1,"minecraft:sheep":11,"evilcraft:poisonous_libelle":1,"minecraft:zombie":21,"minecraft:enderman":6,"minecraft:cow":8},"minecraft:crafted":{"minecraft:oak_planks":72,"minecraft:bookshelf":7,"minecraft:chest":3,"minecraft:cooked_beef":16,"enchantinginfuser:enchanting_infuser":1,"minecraft:crafting_table":1,"minecraft:baked_potato":21,"scalinghealth:heart_crystal":5,"minecraft:bucket":1,"minecraft:air":0,"minecraft:book":1,"minecraft:paper":3,"minecraft:diamond_pickaxe":1,"minecraft:iron_ingot":36,"minecraft:shears":1},"minecraft:custom":{"minecraft:interact_with_anvil":1,"minecraft:mob_kills":171,"minecraft:animals_bred":1,"minecraft:interact_with_crafting_table":9,"minecraft:open_barrel":18,"minecraft:damage_dealt_resisted":1939,"minecraft:leave_game":11,"minecraft:time_since_death":5097,"minecraft:climb_one_cm":5396,"vampirism:amount_bitten":23,"minecraft:sprint_one_cm":880643,"minecraft:walk_one_cm":418273,"minecraft:damage_blocked_by_shield":736,"minecraft:drop":34,"vampirism:skills_unlocked":3,"minecraft:talked_to_villager":10,"minecraft:play_time":237452,"minecraft:sneak_time":21954,"minecraft:deaths":4,"minecraft:walk_under_water_one_cm":32375,"minecraft:jump":3436,"minecraft:interact_with_blast_furnace":8,"minecraft:walk_on_water_one_cm":34168,"minecraft:enchant_item":3,"minecraft:total_world_time":237452,"vampirism:blood_drunk":17300,"minecraft:interact_with_furnace":1,"spartanshields:shield_bash_hits":5,"minecraft:sleep_in_bed":1,"vampirism:resurrected":1,"minecraft:time_since_rest":4463,"minecraft:damage_absorbed":40,"minecraft:damage_taken":8465,"minecraft:damage_dealt":51771,"minecraft:swim_one_cm":76988,"minecraft:fly_one_cm":1527057,"minecraft:open_chest":98,"minecraft:crouch_one_cm":77972,"tombstone:undead_killed":33,"minecraft:interact_with_smoker":10,"minecraft:fall_one_cm":152152},"minecraft:killed_by":{"minecraft:warden":2,"artifacts:mimic":1},"minecraft:dropped":{"minecraft:porkchop":7,"minecraft:wheat_seeds":7,"vampirism:human_heart":2,"minecraft:diamond_leggings":1,"minecraft:feather":2,"minecraft:cobblestone":73,"minecraft:leather":4,"vampirism:item_tent":1,"minecraft:diorite":40,"minecraft:iron_trapdoor":5,"minecraft:sculk_catalyst":1,"hmag:copper_nugget":1,"tombstone:grave_key":1,"tombstone:grave_dust":1,"minecraft:diamond_helmet":1,"minecraft:sunflower":3,"minecraft:chain":2,"minecraft:polished_basalt":2,"minecraft:string":1,"minecraft:rotten_flesh":1,"evilcraft:poison_sac":1,"minecraft:cobblestone_slab":3,"vampirism:vampire_fang":1,"minecraft:diamond_chestplate":1,"minecraft:diamond_pickaxe":1,"minecraft:andesite":5,"minecraft:ladder":4,"minecraft:diamond_boots":1,"minecraft:beef":2},"minecraft:picked_up":{"minecraft:ladder":9,"minecraft:chainmail_boots":1,"minecraft:nether_brick_fence":8,"minecraft:iron_trapdoor":8,"minecraft:anvil":1,"minecraft:golden_pickaxe":1,"artifacts:bunny_hoppers":2,"minecraft:oak_stairs":4,"artifacts:chorus_totem":4,"minecraft:chain":2,"minecraft:brewing_stand":1,"minecraft:amethyst_block":61,"minecraft:red_bed":1,"minecraft:string":2,"minecraft:raw_copper":2,"artifacts:power_glove":1,"evilcraft:poison_sac":2,"artifacts:feral_claws":2,"minecraft:iron_leggings":1,"minecraft:blackstone":243,"minecraft:diamond_leggings":1,"minecraft:red_sand":26,"minecraft:smooth_stone":36,"minecraft:cobbled_deepslate":169,"minecraft:spruce_planks":45,"minecraft:mossy_cobblestone_wall":7,"minecraft:beef":21,"minecraft:andesite_stairs":8,"minecraft:cobblestone_slab":51,"minecraft:calcite":26,"minecraft:iron_nugget":3,"minecraft:light_gray_wool":1,"minecraft:sugar_cane":16,"minecraft:polished_blackstone_brick_slab":4,"artifacts:universal_attractor":1,"minecraft:raw_iron":8,"minecraft:composter":1,"minecraft:oak_fence":1,"minecraft:spruce_stairs":13,"minecraft:porkchop":11,"minecraft:polished_blackstone_bricks":52,"minecraft:golden_axe":1,"minecraft:cherry_log":15,"vampirism:vampire_fang":1,"tombstone:grave_dust":4,"minecraft:diorite":48,"vampirism:amulet":2,"minecraft:tnt":1,"minecraft:rotten_flesh":20,"artifacts:lucky_scarf":1,"vampirism:blood_bottle":1,"minecraft:arrow":6,"minecraft:diamond_chestplate":1,"artifacts:cowboy_hat":1,"minecraft:polished_basalt":4,"minecraft:diamond_boots":1,"artifacts:snowshoes":2,"minecraft:hay_block":11,"artifacts:running_shoes":1,"minecraft:stripped_dark_oak_wood":96,"minecraft:polished_blackstone":9,"artifacts:panic_necklace":1,"minecraft:mutton":19,"minecraft:iron_bars":14,"minecraft:white_wool":11,"minecraft:cobblestone":361,"minecraft:enchanting_table":2,"minecraft:pink_petals":16,"hmag:copper_nugget":1,"minecraft:feather":2,"vampirism:item_tent":2,"artifacts:novelty_drinking_hat":1,"minecraft:salmon":10,"minecraft:andesite":5,"minecraft:leather":15,"minecraft:oak_log":19,"scalinghealth:bandages":2,"minecraft:gunpowder":6,"minecraft:cobblestone_wall":1,"minecraft:cobblestone_stairs":21,"scalinghealth:heart_crystal":2,"minecraft:gray_concrete":166,"artifacts:flippers":1,"minecraft:dirt":11,"minecraft:lantern":2,"artifacts:shock_pendant":2,"hmag:evil_crystal_fragment":3,"minecraft:bone":7,"vampirism:human_heart":7,"minecraft:pearlescent_froglight":1,"minecraft:bow":1,"minecraft:wheat_seeds":10,"minecraft:raw_gold":5,"minecraft:iron_ingot":4,"tombstone:bag_of_seeds":1,"scalinghealth:power_crystal_shard":12,"minecraft:fletching_table":2,"artifacts:steadfast_spikes":1,"minecraft:diamond_helmet":1,"minecraft:oak_planks":4,"minecraft:sculk_catalyst":1,"minecraft:book":18,"minecraft:smooth_basalt":18,"hmag:soul_powder":2,"minecraft:dandelion":3,"minecraft:amethyst_shard":16,"minecraft:soul_torch":4,"minecraft:blast_furnace":1,"artifacts:scarf_of_invisibility":1,"minecraft:crying_obsidian":3,"minecraft:spider_eye":4,"minecraft:polished_andesite":1,"artifacts:golden_hook":1,"minecraft:diamond":11,"artifacts:crystal_heart":1,"evilcraft:dark_gem":70,"minecraft:iron_helmet":1,"enchantinginfuser:enchanting_infuser":1,"minecraft:granite":7,"minecraft:cherry_sapling":1,"minecraft:golden_apple":1,"minecraft:gray_wool":71,"minecraft:black_wool":13,"tombstone:magic_scroll":1,"minecraft:dark_oak_fence":5,"minecraft:dark_oak_wood":45,"minecraft:coal":20,"minecraft:sunflower":3,"minecraft:diamond_pickaxe":1},"minecraft:broken":{"minecraft:diamond_helmet":1},"minecraft:used":{"minecraft:oak_fence":1,"minecraft:enchanting_table":1,"minecraft:chest":3,"minecraft:dirt":7,"minecraft:anvil":1,"scalinghealth:heart_crystal":42,"minecraft:diamond_helmet":1,"artifacts:mimic_spawn_egg":22,"minecraft:milk_bucket":1,"hmag:soul_apple":1,"hmag:exp_berry":30,"minecraft:bookshelf":7,"scalinghealth:power_crystal":10,"minecraft:diamond_chestplate":2,"spartanshields:iron_basic_shield":13,"tombstone:gift":4,"minecraft:cooked_beef":13,"minecraft:water_bucket":13,"minecraft:diorite":8,"minecraft:diamond_boots":2,"minecraft:baked_potato":6,"tombstone:tablet_of_guard":1,"vampirism:human_heart":6,"minecraft:composter":1,"minecraft:sugar_cane":3,"minecraft:diamond_axe":353,"minecraft:fletching_table":1,"minecraft:white_wool":1,"minecraft:golden_apple":1,"minecraft:red_bed":1,"minecraft:crafting_table":1,"minecraft:blast_furnace":2,"minecraft:gray_concrete":4,"minecraft:lingering_potion":15,"minecraft:endermite_spawn_egg":2,"minecraft:shears":80,"minecraft:smoker":1,"minecraft:oak_log":1,"minecraft:enderman_spawn_egg":11,"minecraft:diamond_pickaxe":1415,"hmag:fire_bottle":7,"minecraft:bread":28,"tombstone:grave_key":1,"enchantinginfuser:enchanting_infuser":2,"minecraft:diamond_sword":398,"minecraft:cobblestone":56,"minecraft:bucket":14,"minecraft:dandelion":1,"minecraft:gray_wool":4,"minecraft:diamond_leggings":2},"minecraft:mined":{"minecraft:spruce_planks":49,"minecraft:diamond_ore":4,"minecraft:crying_obsidian":3,"minecraft:tuff":1,"minecraft:deepslate_diamond_ore":4,"enchantinginfuser:enchanting_infuser":1,"minecraft:andesite_stairs":8,"minecraft:sculk_vein":3,"minecraft:cherry_log":15,"minecraft:cobblestone_stairs":22,"minecraft:brewing_stand":1,"minecraft:granite":7,"minecraft:dark_oak_fence":8,"minecraft:grass_block":8,"minecraft:polished_blackstone_brick_slab":7,"minecraft:composter":1,"minecraft:spawner":4,"minecraft:hay_block":11,"minecraft:smooth_stone":40,"minecraft:polished_blackstone_bricks":52,"minecraft:polished_basalt":2,"minecraft:iron_ore":6,"minecraft:cobbled_deepslate":140,"minecraft:andesite":5,"minecraft:anvil":1,"evilcraft:dark_ore":5,"minecraft:fletching_table":2,"minecraft:stripped_dark_oak_wood":102,"minecraft:enchanting_table":2,"minecraft:sculk_shrieker":3,"minecraft:nether_brick_fence":8,"minecraft:bookshelf":6,"minecraft:cobblestone_slab":53,"minecraft:small_amethyst_bud":1,"minecraft:oak_stairs":8,"minecraft:iron_bars":19,"minecraft:lantern":2,"minecraft:stone":243,"minecraft:gray_concrete":170,"minecraft:red_bed":1,"minecraft:blackstone":244,"minecraft:amethyst_cluster":3,"minecraft:soul_torch":2,"minecraft:dandelion":3,"vampirism:tent_main":3,"minecraft:oak_fence":1,"minecraft:dark_oak_wood":49,"minecraft:blast_furnace":1,"minecraft:mossy_cobblestone_wall":9,"minecraft:calcite":26,"minecraft:sculk_sensor":2,"minecraft:tall_grass":7,"minecraft:cobblestone":118,"minecraft:oak_planks":2,"minecraft:sugar_cane":6,"minecraft:sculk":56,"minecraft:diorite":48,"minecraft:amethyst_block":61,"minecraft:pearlescent_froglight":1,"minecraft:pink_petals":6,"minecraft:spruce_stairs":13,"minecraft:gray_wool":73,"minecraft:chain":2,"minecraft:cobblestone_wall":1,"evilcraft:dark_ore_deepslate":9,"minecraft:black_wool":17,"minecraft:grass":37,"minecraft:cracked_deepslate_tiles":1,"minecraft:oak_log":19,"minecraft:coal_ore":9,"vampirism:fire_place":1,"minecraft:cherry_leaves":11,"minecraft:sunflower":4,"minecraft:dirt":6,"minecraft:smooth_basalt":18,"minecraft:polished_blackstone":9,"minecraft:polished_andesite":1,"minecraft:deepslate":28,"minecraft:iron_trapdoor":8}},"DataVersion":3465}