{"stats":{"minecraft:custom":{"minecraft:interact_with_furnace":1,"spartanshields:shield_bash_hits":1,"minecraft:interact_with_anvil":1,"minecraft:mob_kills":83,"minecraft:open_barrel":16,"minecraft:leave_game":4,"minecraft:time_since_death":31165,"minecraft:sleep_in_bed":1,"minecraft:climb_one_cm":1001,"minecraft:time_since_rest":10266,"minecraft:sprint_one_cm":149814,"minecraft:damage_taken":1357,"minecraft:walk_one_cm":82774,"minecraft:damage_blocked_by_shield":45,"minecraft:drop":5,"minecraft:damage_dealt":12246,"minecraft:swim_one_cm":11108,"minecraft:talked_to_villager":7,"minecraft:fly_one_cm":856563,"minecraft:open_chest":32,"minecraft:crouch_one_cm":900,"minecraft:play_time":53141,"minecraft:sneak_time":2733,"tombstone:undead_killed":12,"minecraft:deaths":2,"minecraft:walk_under_water_one_cm":4338,"minecraft:jump":508,"minecraft:interact_with_blast_furnace":5,"minecraft:walk_on_water_one_cm":3796,"minecraft:interact_with_smoker":4,"minecraft:total_world_time":53141,"minecraft:fall_one_cm":8722},"minecraft:picked_up":{"minecraft:chainmail_boots":1,"minecraft:anvil":1,"vampirism:item_tent":1,"artifacts:novelty_drinking_hat":1,"minecraft:salmon":10,"minecraft:golden_pickaxe":1,"minecraft:leather":11,"artifacts:bunny_hoppers":1,"minecraft:oak_stairs":2,"artifacts:chorus_totem":4,"minecraft:oak_log":18,"minecraft:gunpowder":4,"scalinghealth:heart_crystal":1,"minecraft:dirt":3,"minecraft:string":1,"artifacts:flippers":1,"minecraft:raw_copper":2,"artifacts:power_glove":1,"artifacts:feral_claws":2,"artifacts:shock_pendant":2,"minecraft:iron_leggings":1,"minecraft:bone":3,"minecraft:diamond_leggings":1,"minecraft:red_sand":26,"minecraft:raw_gold":5,"minecraft:beef":16,"scalinghealth:power_crystal_shard":10,"minecraft:light_gray_wool":1,"minecraft:fletching_table":2,"minecraft:diamond_helmet":1,"artifacts:steadfast_spikes":1,"minecraft:oak_planks":4,"artifacts:universal_attractor":1,"minecraft:dandelion":1,"minecraft:porkchop":4,"minecraft:golden_axe":1,"artifacts:scarf_of_invisibility":1,"minecraft:spider_eye":2,"minecraft:tnt":1,"minecraft:diamond_chestplate":1,"minecraft:rotten_flesh":11,"artifacts:lucky_scarf":1,"artifacts:cowboy_hat":1,"minecraft:diamond":4,"artifacts:golden_hook":1,"artifacts:crystal_heart":1,"minecraft:diamond_boots":1,"artifacts:snowshoes":2,"minecraft:iron_helmet":1,"artifacts:running_shoes":1,"minecraft:golden_apple":1,"artifacts:panic_necklace":1,"minecraft:mutton":17,"minecraft:coal":9,"minecraft:white_wool":10},"minecraft:killed_by":{"artifacts:mimic":1},"minecraft:mined":{"minecraft:deepslate_diamond_ore":1,"minecraft:dandelion":1,"minecraft:grass_block":2,"minecraft:oak_planks":2,"minecraft:spawner":4,"minecraft:fletching_table":2,"minecraft:anvil":1,"minecraft:grass":1,"minecraft:oak_log":18,"minecraft:oak_stairs":6,"minecraft:dirt":1,"minecraft:stone":1},"minecraft:crafted":{"minecraft:baked_potato":14,"minecraft:air":0,"minecraft:iron_ingot":36},"minecraft:killed":{"vampirism:vampire":1,"minecraft:pig":2,"minecraft:salmon":10,"minecraft:spider":2,"minecraft:creeper":1,"minecraft:sheep":11,"minecraft:skeleton":1,"minecraft:zombie":11,"minecraft:cow":8,"minecraft:enderman":6,"artifacts:mimic":30},"minecraft:used":{"minecraft:diamond_boots":2,"minecraft:baked_potato":6,"minecraft:sugar_cane":3,"minecraft:diamond_axe":75,"minecraft:fletching_table":1,"minecraft:dirt":3,"minecraft:anvil":1,"scalinghealth:heart_crystal":36,"minecraft:blast_furnace":1,"minecraft:endermite_spawn_egg":2,"minecraft:diamond_helmet":1,"minecraft:lingering_potion":15,"artifacts:mimic_spawn_egg":22,"minecraft:smoker":1,"minecraft:enderman_spawn_egg":11,"hmag:exp_berry":30,"minecraft:diamond_pickaxe":6,"hmag:fire_bottle":7,"minecraft:bread":5,"scalinghealth:power_crystal":10,"minecraft:diamond_chestplate":2,"minecraft:diamond_sword":61,"spartanshields:iron_basic_shield":1,"tombstone:gift":2,"minecraft:dandelion":1,"minecraft:diamond_leggings":2},"minecraft:dropped":{"minecraft:diamond_leggings":1,"minecraft:diamond_chestplate":1,"tombstone:grave_key":1,"minecraft:diamond_helmet":1,"minecraft:diamond_boots":1}},"DataVersion":3465}