{"stats":{"minecraft:custom":{"minecraft:interact_with_furnace":1,"spartanshields:shield_bash_hits":1,"minecraft:interact_with_anvil":1,"minecraft:mob_kills":90,"minecraft:animals_bred":1,"minecraft:interact_with_crafting_table":1,"minecraft:open_barrel":16,"minecraft:leave_game":5,"minecraft:time_since_death":55020,"minecraft:sleep_in_bed":1,"minecraft:climb_one_cm":1731,"minecraft:time_since_rest":34121,"minecraft:sprint_one_cm":289832,"minecraft:damage_taken":2097,"minecraft:walk_one_cm":138773,"minecraft:damage_blocked_by_shield":253,"minecraft:drop":5,"minecraft:damage_dealt":14547,"minecraft:swim_one_cm":16624,"minecraft:talked_to_villager":8,"minecraft:fly_one_cm":950703,"minecraft:open_chest":45,"minecraft:play_time":76996,"minecraft:crouch_one_cm":2958,"minecraft:sneak_time":3773,"tombstone:undead_killed":18,"minecraft:deaths":2,"minecraft:walk_under_water_one_cm":5438,"minecraft:jump":900,"minecraft:interact_with_blast_furnace":7,"minecraft:walk_on_water_one_cm":10995,"minecraft:total_world_time":76996,"minecraft:interact_with_smoker":10,"minecraft:fall_one_cm":31386},"minecraft:picked_up":{"minecraft:enchanting_table":1,"minecraft:chainmail_boots":1,"artifacts:novelty_drinking_hat":1,"vampirism:item_tent":1,"minecraft:anvil":1,"minecraft:salmon":10,"minecraft:golden_pickaxe":1,"minecraft:leather":11,"artifacts:bunny_hoppers":1,"minecraft:oak_stairs":4,"artifacts:chorus_totem":4,"minecraft:oak_log":19,"minecraft:gunpowder":4,"minecraft:cobblestone_stairs":4,"scalinghealth:heart_crystal":1,"minecraft:string":1,"minecraft:dirt":4,"artifacts:flippers":1,"minecraft:raw_copper":2,"artifacts:feral_claws":2,"artifacts:power_glove":1,"minecraft:iron_leggings":1,"artifacts:shock_pendant":2,"hmag:evil_crystal_fragment":1,"minecraft:bone":5,"minecraft:bow":1,"minecraft:wheat_seeds":5,"minecraft:diamond_leggings":1,"minecraft:red_sand":26,"minecraft:cobbled_deepslate":9,"minecraft:raw_gold":5,"minecraft:beef":16,"scalinghealth:power_crystal_shard":10,"minecraft:light_gray_wool":1,"minecraft:fletching_table":2,"artifacts:steadfast_spikes":1,"minecraft:diamond_helmet":1,"minecraft:sugar_cane":6,"minecraft:oak_planks":4,"artifacts:universal_attractor":1,"minecraft:composter":1,"minecraft:oak_fence":1,"minecraft:dandelion":1,"minecraft:porkchop":4,"minecraft:golden_axe":1,"minecraft:blast_furnace":1,"artifacts:scarf_of_invisibility":1,"minecraft:crying_obsidian":3,"minecraft:spider_eye":2,"minecraft:tnt":1,"minecraft:diamond_chestplate":1,"minecraft:rotten_flesh":12,"minecraft:arrow":1,"artifacts:lucky_scarf":1,"artifacts:cowboy_hat":1,"artifacts:golden_hook":1,"minecraft:diamond":4,"artifacts:crystal_heart":1,"evilcraft:dark_gem":11,"minecraft:diamond_boots":1,"artifacts:snowshoes":2,"minecraft:iron_helmet":1,"artifacts:running_shoes":1,"minecraft:golden_apple":1,"artifacts:panic_necklace":1,"minecraft:dark_oak_fence":2,"minecraft:mutton":17,"minecraft:coal":9,"minecraft:white_wool":10,"minecraft:cobblestone":11},"minecraft:killed_by":{"artifacts:mimic":1},"minecraft:mined":{"minecraft:tuff":1,"minecraft:crying_obsidian":3,"minecraft:deepslate_diamond_ore":1,"minecraft:cobblestone_stairs":4,"minecraft:dandelion":1,"minecraft:oak_fence":1,"minecraft:blast_furnace":1,"minecraft:dark_oak_fence":2,"minecraft:grass_block":3,"minecraft:sculk_sensor":1,"minecraft:sculk":50,"minecraft:cobblestone":7,"minecraft:oak_planks":2,"minecraft:sugar_cane":2,"minecraft:composter":1,"minecraft:spawner":4,"evilcraft:dark_ore":2,"minecraft:anvil":1,"minecraft:fletching_table":2,"minecraft:enchanting_table":1,"minecraft:grass":14,"minecraft:oak_log":19,"minecraft:oak_stairs":8,"minecraft:dirt":1,"minecraft:deepslate":7,"minecraft:stone":5},"minecraft:killed":{"vampirism:vampire":1,"minecraft:pig":2,"minecraft:salmon":10,"minecraft:spider":2,"hmag:skeleton_girl":1,"minecraft:creeper":1,"hmag:kobold":1,"minecraft:sheep":11,"minecraft:skeleton":2,"hmag:zombie_girl":1,"minecraft:zombie":14,"minecraft:cow":8,"minecraft:enderman":6,"artifacts:mimic":30},"minecraft:used":{"minecraft:oak_fence":1,"minecraft:enchanting_table":1,"minecraft:diamond_boots":2,"minecraft:baked_potato":6,"minecraft:sugar_cane":3,"minecraft:diamond_axe":80,"minecraft:composter":1,"minecraft:fletching_table":1,"minecraft:dirt":4,"minecraft:anvil":1,"scalinghealth:heart_crystal":36,"minecraft:crafting_table":1,"minecraft:blast_furnace":2,"minecraft:endermite_spawn_egg":2,"minecraft:diamond_helmet":1,"minecraft:lingering_potion":15,"artifacts:mimic_spawn_egg":22,"minecraft:smoker":1,"minecraft:oak_log":1,"minecraft:enderman_spawn_egg":11,"hmag:exp_berry":30,"minecraft:diamond_pickaxe":33,"hmag:fire_bottle":7,"minecraft:bread":8,"scalinghealth:power_crystal":10,"minecraft:diamond_chestplate":2,"minecraft:diamond_sword":85,"spartanshields:iron_basic_shield":5,"tombstone:gift":2,"minecraft:cooked_beef":6,"minecraft:dandelion":1,"minecraft:diamond_leggings":2},"minecraft:crafted":{"minecraft:cooked_beef":16,"minecraft:crafting_table":1,"minecraft:baked_potato":21,"minecraft:air":0,"minecraft:book":1,"minecraft:paper":3,"minecraft:iron_ingot":36},"minecraft:dropped":{"minecraft:diamond_leggings":1,"minecraft:diamond_chestplate":1,"tombstone:grave_key":1,"minecraft:diamond_helmet":1,"minecraft:diamond_boots":1}},"DataVersion":3465}