{"stats":{"minecraft:custom":{"minecraft:mob_kills":102,"minecraft:interact_with_anvil":1,"minecraft:animals_bred":1,"minecraft:interact_with_crafting_table":8,"minecraft:open_barrel":16,"minecraft:damage_dealt_resisted":574,"minecraft:leave_game":7,"minecraft:time_since_death":106994,"minecraft:climb_one_cm":2006,"minecraft:sprint_one_cm":459469,"minecraft:walk_one_cm":239860,"minecraft:damage_blocked_by_shield":277,"minecraft:drop":11,"minecraft:talked_to_villager":8,"minecraft:play_time":128970,"minecraft:deaths":2,"minecraft:sneak_time":15224,"minecraft:walk_under_water_one_cm":11779,"minecraft:jump":1845,"minecraft:interact_with_blast_furnace":8,"minecraft:walk_on_water_one_cm":19706,"minecraft:enchant_item":2,"minecraft:total_world_time":128970,"minecraft:interact_with_furnace":1,"spartanshields:shield_bash_hits":1,"minecraft:sleep_in_bed":1,"minecraft:time_since_rest":86095,"minecraft:damage_taken":2623,"minecraft:damage_dealt":18642,"minecraft:swim_one_cm":40565,"minecraft:fly_one_cm":1173891,"minecraft:open_chest":63,"minecraft:crouch_one_cm":48893,"tombstone:undead_killed":25,"minecraft:interact_with_smoker":10,"minecraft:fall_one_cm":69408},"minecraft:picked_up":{"minecraft:chainmail_boots":1,"minecraft:nether_brick_fence":4,"minecraft:anvil":1,"minecraft:golden_pickaxe":1,"artifacts:bunny_hoppers":1,"minecraft:oak_stairs":4,"artifacts:chorus_totem":4,"minecraft:chain":2,"minecraft:amethyst_block":61,"minecraft:string":1,"minecraft:raw_copper":2,"artifacts:power_glove":1,"artifacts:feral_claws":2,"minecraft:iron_leggings":1,"minecraft:blackstone":170,"minecraft:diamond_leggings":1,"minecraft:red_sand":26,"minecraft:cobbled_deepslate":162,"minecraft:mossy_cobblestone_wall":2,"minecraft:beef":19,"minecraft:andesite_stairs":8,"minecraft:cobblestone_slab":42,"minecraft:calcite":26,"minecraft:iron_nugget":1,"minecraft:light_gray_wool":1,"minecraft:sugar_cane":16,"artifacts:universal_attractor":1,"minecraft:raw_iron":8,"minecraft:composter":1,"minecraft:oak_fence":1,"minecraft:porkchop":4,"minecraft:golden_axe":1,"minecraft:cherry_log":15,"tombstone:grave_dust":2,"minecraft:diorite":48,"minecraft:tnt":1,"minecraft:diamond_chestplate":1,"artifacts:lucky_scarf":1,"minecraft:arrow":3,"vampirism:blood_bottle":1,"minecraft:rotten_flesh":13,"artifacts:cowboy_hat":1,"artifacts:snowshoes":2,"minecraft:diamond_boots":1,"artifacts:running_shoes":1,"artifacts:panic_necklace":1,"minecraft:mutton":17,"minecraft:iron_bars":6,"minecraft:white_wool":10,"minecraft:cobblestone":340,"minecraft:enchanting_table":2,"minecraft:pink_petals":16,"vampirism:item_tent":2,"artifacts:novelty_drinking_hat":1,"minecraft:andesite":5,"minecraft:salmon":10,"minecraft:leather":11,"minecraft:oak_log":19,"minecraft:cobblestone_wall":1,"minecraft:gunpowder":4,"minecraft:cobblestone_stairs":18,"minecraft:gray_concrete":96,"scalinghealth:heart_crystal":1,"minecraft:lantern":1,"minecraft:dirt":9,"artifacts:flippers":1,"artifacts:shock_pendant":2,"hmag:evil_crystal_fragment":1,"minecraft:bone":7,"minecraft:bow":1,"minecraft:wheat_seeds":8,"minecraft:raw_gold":5,"scalinghealth:power_crystal_shard":10,"minecraft:diamond_helmet":1,"minecraft:fletching_table":2,"artifacts:steadfast_spikes":1,"minecraft:oak_planks":4,"minecraft:book":18,"minecraft:smooth_basalt":18,"minecraft:dandelion":3,"minecraft:amethyst_shard":16,"minecraft:soul_torch":2,"minecraft:blast_furnace":1,"artifacts:scarf_of_invisibility":1,"minecraft:crying_obsidian":3,"minecraft:spider_eye":2,"minecraft:polished_andesite":1,"minecraft:diamond":11,"artifacts:golden_hook":1,"artifacts:crystal_heart":1,"evilcraft:dark_gem":25,"minecraft:iron_helmet":1,"enchantinginfuser:enchanting_infuser":1,"minecraft:granite":7,"minecraft:cherry_sapling":1,"minecraft:golden_apple":1,"minecraft:gray_wool":5,"minecraft:dark_oak_wood":34,"minecraft:coal":20,"minecraft:dark_oak_fence":2},"minecraft:killed_by":{"artifacts:mimic":1},"minecraft:mined":{"minecraft:diamond_ore":4,"minecraft:crying_obsidian":3,"minecraft:tuff":1,"minecraft:deepslate_diamond_ore":1,"enchantinginfuser:enchanting_infuser":1,"minecraft:andesite_stairs":8,"minecraft:cherry_log":15,"minecraft:cobblestone_stairs":19,"minecraft:granite":7,"minecraft:dark_oak_fence":2,"minecraft:grass_block":6,"minecraft:composter":1,"minecraft:spawner":4,"minecraft:iron_ore":6,"minecraft:cobbled_deepslate":140,"minecraft:andesite":5,"minecraft:fletching_table":2,"evilcraft:dark_ore":5,"minecraft:anvil":1,"minecraft:enchanting_table":2,"minecraft:nether_brick_fence":8,"minecraft:iron_bars":6,"minecraft:cobblestone_slab":46,"minecraft:bookshelf":6,"minecraft:oak_stairs":8,"minecraft:small_amethyst_bud":1,"minecraft:lantern":1,"minecraft:stone":243,"minecraft:gray_concrete":100,"minecraft:blackstone":170,"minecraft:soul_torch":2,"minecraft:amethyst_cluster":3,"vampirism:tent_main":2,"minecraft:dandelion":3,"minecraft:oak_fence":1,"minecraft:dark_oak_wood":38,"minecraft:blast_furnace":1,"minecraft:mossy_cobblestone_wall":3,"minecraft:calcite":26,"minecraft:sculk_sensor":1,"minecraft:cobblestone":99,"minecraft:sugar_cane":6,"minecraft:oak_planks":2,"minecraft:sculk":50,"minecraft:diorite":48,"minecraft:amethyst_block":61,"minecraft:pink_petals":6,"minecraft:chain":2,"minecraft:gray_wool":5,"minecraft:cobblestone_wall":1,"minecraft:grass":21,"minecraft:oak_log":19,"minecraft:coal_ore":9,"vampirism:fire_place":1,"minecraft:cherry_leaves":11,"minecraft:dirt":4,"minecraft:smooth_basalt":18,"minecraft:polished_andesite":1,"minecraft:deepslate":21},"minecraft:killed":{"vampirism:vampire":2,"vampirism:advanced_vampire":1,"minecraft:spider":3,"hmag:skeleton_girl":1,"minecraft:skeleton":4,"hmag:zombie_girl":1,"hmag:catoblepas":1,"artifacts:mimic":30,"hmag:ghost":2,"minecraft:pig":2,"minecraft:salmon":10,"minecraft:creeper":2,"hmag:kobold":1,"minecraft:sheep":11,"minecraft:zombie":17,"minecraft:cow":8,"minecraft:enderman":6},"minecraft:crafted":{"minecraft:oak_planks":72,"minecraft:bookshelf":7,"minecraft:chest":3,"minecraft:cooked_beef":16,"enchantinginfuser:enchanting_infuser":1,"minecraft:crafting_table":1,"minecraft:baked_potato":21,"scalinghealth:heart_crystal":5,"minecraft:bucket":1,"minecraft:air":0,"minecraft:book":1,"minecraft:paper":3,"minecraft:diamond_pickaxe":1,"minecraft:iron_ingot":36},"minecraft:used":{"minecraft:oak_fence":1,"minecraft:enchanting_table":1,"minecraft:chest":3,"minecraft:dirt":5,"minecraft:anvil":1,"scalinghealth:heart_crystal":37,"minecraft:diamond_helmet":1,"artifacts:mimic_spawn_egg":22,"minecraft:milk_bucket":1,"hmag:exp_berry":30,"minecraft:bookshelf":7,"scalinghealth:power_crystal":10,"minecraft:diamond_chestplate":2,"spartanshields:iron_basic_shield":6,"tombstone:gift":2,"minecraft:cooked_beef":13,"minecraft:diorite":8,"minecraft:diamond_boots":2,"minecraft:baked_potato":6,"minecraft:composter":1,"minecraft:sugar_cane":3,"minecraft:fletching_table":1,"minecraft:diamond_axe":144,"minecraft:crafting_table":1,"minecraft:blast_furnace":2,"minecraft:gray_concrete":4,"minecraft:lingering_potion":15,"minecraft:endermite_spawn_egg":2,"minecraft:smoker":1,"minecraft:oak_log":1,"minecraft:enderman_spawn_egg":11,"minecraft:diamond_pickaxe":1070,"hmag:fire_bottle":7,"minecraft:bread":15,"enchantinginfuser:enchanting_infuser":2,"minecraft:diamond_sword":123,"minecraft:cobblestone":43,"minecraft:gray_wool":4,"minecraft:dandelion":1,"minecraft:diamond_leggings":2},"minecraft:dropped":{"minecraft:wheat_seeds":5,"minecraft:diamond_leggings":1,"minecraft:cobblestone":73,"vampirism:item_tent":1,"minecraft:diorite":40,"tombstone:grave_key":1,"minecraft:diamond_helmet":1,"minecraft:diamond_chestplate":1,"minecraft:andesite":5,"minecraft:diamond_boots":1}},"DataVersion":3465}