{"stats":{"minecraft:killed":{"vampirism:vampire":5,"vampirism:advanced_vampire":1,"minecraft:spider":6,"minecraft:skeleton":5,"hmag:catoblepas":3,"artifacts:mimic":30,"hmag:harpy":1,"minecraft:pig":2,"minecraft:zombie_villager":1,"minecraft:salmon":10,"minecraft:iron_golem":1,"minecraft:creeper":5,"vampirism:hunter":32,"minecraft:sheep":11,"minecraft:zombie":21,"minecraft:cow":8,"hmag:creeper_girl":1,"hmag:skeleton_girl":1,"hmag:zombie_girl":2,"minecraft:warden":2,"hmag:ghost":4,"hmag:kobold":1,"evilcraft:poisonous_libelle":1,"minecraft:enderman":6},"minecraft:crafted":{"minecraft:oak_planks":72,"minecraft:bookshelf":7,"minecraft:chest":3,"enchantinginfuser:enchanting_infuser":1,"minecraft:crafting_table":1,"minecraft:baked_potato":21,"minecraft:book":1,"minecraft:paper":3,"minecraft:diamond_pickaxe":1,"minecraft:iron_ingot":36,"minecraft:shears":1,"minecraft:cooked_beef":16,"scalinghealth:heart_crystal":5,"minecraft:bucket":1,"minecraft:air":0},"minecraft:custom":{"minecraft:animals_bred":1,"minecraft:interact_with_crafting_table":10,"minecraft:open_barrel":18,"minecraft:leave_game":11,"minecraft:time_since_death":47027,"minecraft:sprint_one_cm":958730,"minecraft:damage_blocked_by_shield":736,"minecraft:drop":35,"minecraft:play_noteblock":56,"minecraft:talked_to_villager":10,"minecraft:play_time":279382,"minecraft:deaths":4,"minecraft:jump":3617,"minecraft:walk_on_water_one_cm":34168,"minecraft:enchant_item":15,"minecraft:interact_with_furnace":1,"minecraft:sleep_in_bed":2,"minecraft:damage_dealt":52001,"minecraft:crouch_one_cm":85937,"tombstone:undead_killed":34,"minecraft:interact_with_smoker":10,"minecraft:mob_kills":172,"minecraft:interact_with_anvil":5,"minecraft:damage_dealt_resisted":1939,"minecraft:climb_one_cm":5871,"vampirism:amount_bitten":23,"minecraft:walk_one_cm":558327,"vampirism:skills_unlocked":3,"minecraft:sneak_time":23840,"minecraft:walk_under_water_one_cm":32375,"minecraft:interact_with_blast_furnace":8,"minecraft:total_world_time":279382,"vampirism:blood_drunk":21300,"spartanshields:shield_bash_hits":5,"minecraft:interact_with_grindstone":3,"minecraft:time_since_rest":5819,"vampirism:resurrected":1,"minecraft:damage_taken":8475,"minecraft:damage_absorbed":40,"minecraft:swim_one_cm":76988,"minecraft:fly_one_cm":1545305,"minecraft:open_chest":129,"minecraft:fall_one_cm":155430},"minecraft:killed_by":{"artifacts:mimic":1,"minecraft:warden":2},"minecraft:dropped":{"minecraft:porkchop":7,"vampirism:human_heart":2,"minecraft:leather":4,"vampirism:item_tent":1,"minecraft:chain":2,"minecraft:sunflower":3,"minecraft:rotten_flesh":1,"evilcraft:poison_sac":1,"vampirism:vampire_fang":1,"minecraft:ladder":9,"minecraft:beef":2,"minecraft:wheat_seeds":7,"minecraft:diamond_leggings":1,"minecraft:feather":2,"minecraft:cobblestone":73,"minecraft:diorite":40,"minecraft:iron_trapdoor":5,"minecraft:sculk_catalyst":1,"hmag:copper_nugget":1,"tombstone:grave_key":1,"minecraft:diamond_helmet":1,"tombstone:grave_dust":1,"minecraft:polished_basalt":2,"minecraft:string":1,"minecraft:cobblestone_slab":3,"minecraft:diamond_chestplate":1,"minecraft:diamond_pickaxe":1,"minecraft:andesite":5,"minecraft:diamond_boots":1},"minecraft:picked_up":{"minecraft:nether_brick_fence":8,"minecraft:chainmail_boots":1,"minecraft:iron_trapdoor":25,"minecraft:anvil":1,"artifacts:bunny_hoppers":2,"minecraft:oak_stairs":237,"artifacts:chorus_totem":4,"minecraft:stone_brick_stairs":1,"minecraft:brewing_stand":1,"minecraft:amethyst_block":61,"minecraft:polished_deepslate":6,"minecraft:string":2,"minecraft:soul_soil":36,"minecraft:raw_copper":2,"minecraft:iron_leggings":1,"minecraft:diamond_leggings":1,"minecraft:red_sand":26,"minecraft:smooth_stone":123,"minecraft:cobbled_deepslate":169,"minecraft:crimson_fence":2,"minecraft:spruce_planks":214,"minecraft:cobblestone_slab":67,"minecraft:calcite":26,"minecraft:stick":1,"artifacts:universal_attractor":1,"minecraft:polished_blackstone_brick_slab":4,"minecraft:composter":1,"minecraft:polished_deepslate_stairs":6,"minecraft:oak_fence":20,"minecraft:torch":18,"minecraft:spruce_stairs":36,"minecraft:sandstone_wall":4,"minecraft:porkchop":11,"minecraft:golden_axe":1,"minecraft:cherry_log":15,"minecraft:diorite":48,"tombstone:grave_dust":4,"vampirism:vampire_fang":1,"vampirism:amulet":2,"minecraft:gray_stained_glass_pane":2,"minecraft:rotten_flesh":20,"vampirism:blood_bottle":1,"artifacts:lucky_scarf":1,"minecraft:polished_basalt":35,"minecraft:white_terracotta":53,"artifacts:panic_necklace":1,"minecraft:obsidian":18,"minecraft:blackstone_stairs":9,"minecraft:iron_bars":15,"minecraft:cobblestone":523,"minecraft:enchanting_table":2,"minecraft:pink_petals":16,"minecraft:magma_block":1,"hmag:copper_nugget":1,"minecraft:feather":2,"minecraft:birch_slab":3,"minecraft:andesite":21,"minecraft:mangrove_slab":106,"artifacts:flippers":1,"minecraft:gray_concrete":166,"minecraft:dirt":32,"minecraft:lantern":2,"artifacts:shock_pendant":2,"hmag:evil_crystal_fragment":3,"minecraft:bone":7,"minecraft:granite_wall":3,"minecraft:bow":1,"minecraft:wheat_seeds":14,"minecraft:raw_gold":5,"minecraft:diamond_helmet":1,"minecraft:fletching_table":3,"minecraft:oak_planks":82,"minecraft:gray_glazed_terracotta":31,"hmag:soul_powder":2,"minecraft:grass_block":4,"minecraft:mossy_cobblestone":25,"minecraft:polished_andesite":9,"minecraft:yellow_carpet":3,"minecraft:diamond":11,"artifacts:golden_hook":1,"artifacts:crystal_heart":1,"minecraft:polished_blackstone_button":4,"enchantinginfuser:enchanting_infuser":1,"minecraft:granite":7,"minecraft:golden_apple":1,"minecraft:bricks":2,"minecraft:dark_oak_fence":20,"minecraft:diamond_pickaxe":1,"minecraft:ladder":34,"minecraft:golden_pickaxe":1,"minecraft:brown_mushroom":1,"minecraft:acacia_button":10,"minecraft:chain":2,"minecraft:jungle_trapdoor":10,"minecraft:red_bed":1,"artifacts:power_glove":1,"evilcraft:poison_sac":2,"artifacts:feral_claws":2,"minecraft:birch_fence":4,"minecraft:blackstone":300,"minecraft:glass_pane":16,"minecraft:mossy_cobblestone_wall":7,"minecraft:beef":21,"minecraft:andesite_stairs":17,"minecraft:iron_nugget":3,"minecraft:spruce_slab":5,"minecraft:light_gray_wool":1,"minecraft:sugar_cane":19,"minecraft:chest":1,"minecraft:raw_iron":8,"minecraft:polished_deepslate_slab":36,"minecraft:oak_door":4,"minecraft:note_block":50,"minecraft:polished_blackstone_bricks":52,"minecraft:stone_button":4,"minecraft:mangrove_trapdoor":7,"minecraft:dark_oak_planks":34,"minecraft:tnt":1,"artifacts:cowboy_hat":1,"minecraft:arrow":6,"minecraft:diamond_chestplate":1,"artifacts:snowshoes":2,"minecraft:diamond_boots":1,"minecraft:hay_block":11,"artifacts:running_shoes":1,"minecraft:stripped_dark_oak_wood":103,"minecraft:polished_blackstone":27,"minecraft:mutton":19,"minecraft:white_wool":11,"minecraft:mud_bricks":2,"minecraft:basalt":8,"minecraft:dark_oak_button":7,"vampirism:item_tent":2,"artifacts:novelty_drinking_hat":1,"minecraft:chiseled_bookshelf":4,"minecraft:salmon":10,"minecraft:leather":15,"minecraft:brown_concrete":40,"minecraft:oak_log":119,"scalinghealth:bandages":2,"minecraft:yellow_bed":1,"minecraft:gunpowder":6,"minecraft:cobblestone_wall":2,"minecraft:cobblestone_stairs":30,"scalinghealth:heart_crystal":2,"vampirism:human_heart":7,"minecraft:pearlescent_froglight":1,"minecraft:stone_bricks":2,"minecraft:iron_ingot":4,"minecraft:cobweb":5,"scalinghealth:power_crystal_shard":12,"minecraft:stripped_oak_wood":1,"tombstone:bag_of_seeds":1,"artifacts:steadfast_spikes":1,"minecraft:oak_slab":20,"minecraft:dark_oak_stairs":11,"minecraft:book":18,"minecraft:sculk_catalyst":1,"minecraft:smooth_basalt":18,"minecraft:dandelion":3,"minecraft:birch_stairs":5,"minecraft:amethyst_shard":16,"minecraft:soul_torch":4,"minecraft:blast_furnace":1,"artifacts:scarf_of_invisibility":1,"minecraft:crying_obsidian":4,"minecraft:green_carpet":13,"minecraft:spider_eye":4,"evilcraft:dark_gem":70,"minecraft:iron_helmet":1,"minecraft:cherry_sapling":1,"minecraft:gray_wool":83,"minecraft:coal":20,"tombstone:magic_scroll":1,"minecraft:black_wool":13,"minecraft:dark_oak_wood":85,"minecraft:sunflower":3},"minecraft:broken":{"minecraft:diamond_helmet":1},"minecraft:used":{"minecraft:chest":13,"artifacts:mimic_spawn_egg":22,"minecraft:milk_bucket":1,"hmag:exp_berry":30,"minecraft:grass_block":3,"spartanshields:iron_basic_shield":13,"minecraft:diorite":8,"minecraft:diamond_boots":2,"vampirism:human_heart":8,"minecraft:composter":1,"tombstone:tablet_of_guard":1,"minecraft:diamond_axe":1388,"minecraft:sugar_cane":3,"minecraft:white_wool":1,"minecraft:golden_apple":1,"minecraft:blast_furnace":2,"minecraft:lingering_potion":15,"minecraft:gray_concrete":4,"minecraft:shears":82,"minecraft:enderman_spawn_egg":11,"hmag:fire_bottle":7,"minecraft:bread":28,"tombstone:grave_key":1,"minecraft:diamond_sword":398,"minecraft:grindstone":1,"minecraft:oak_fence":1,"minecraft:enchanting_table":1,"minecraft:brewing_stand":1,"minecraft:dirt":32,"minecraft:anvil":1,"scalinghealth:heart_crystal":42,"minecraft:diamond_helmet":1,"hmag:soul_apple":1,"minecraft:bookshelf":15,"scalinghealth:power_crystal":10,"minecraft:diamond_chestplate":2,"tombstone:gift":4,"minecraft:cooked_beef":13,"minecraft:water_bucket":13,"minecraft:baked_potato":6,"minecraft:fletching_table":1,"minecraft:crafting_table":1,"minecraft:red_bed":1,"minecraft:endermite_spawn_egg":2,"minecraft:smoker":1,"minecraft:oak_log":1,"minecraft:diamond_pickaxe":2142,"minecraft:diamond_shovel":52,"enchantinginfuser:enchanting_infuser":2,"minecraft:cobblestone":56,"minecraft:bucket":14,"minecraft:gray_wool":4,"minecraft:dandelion":1,"minecraft:diamond_leggings":2},"minecraft:mined":{"minecraft:dark_oak_planks":34,"minecraft:blackstone_stairs":9,"minecraft:spruce_planks":218,"minecraft:andesite_stairs":17,"minecraft:cherry_log":15,"minecraft:cobblestone_stairs":31,"minecraft:sculk_vein":3,"minecraft:brewing_stand":1,"minecraft:obsidian":19,"minecraft:granite":7,"minecraft:grass_block":13,"minecraft:yellow_carpet":2,"minecraft:soul_soil":36,"minecraft:polished_blackstone_brick_slab":7,"minecraft:mud_bricks":2,"minecraft:composter":1,"minecraft:spawner":4,"minecraft:smooth_stone":127,"minecraft:polished_blackstone_bricks":52,"minecraft:magma_block":3,"minecraft:iron_ore":6,"minecraft:cobbled_deepslate":140,"minecraft:fletching_table":3,"minecraft:anvil":1,"minecraft:stripped_dark_oak_wood":109,"minecraft:dark_oak_stairs":16,"minecraft:enchanting_table":2,"minecraft:sculk_shrieker":3,"minecraft:dirt_path":9,"minecraft:polished_deepslate_slab":29,"minecraft:oak_stairs":302,"minecraft:small_amethyst_bud":1,"minecraft:iron_bars":20,"minecraft:green_carpet":2,"minecraft:spruce_slab":5,"minecraft:jungle_trapdoor":10,"minecraft:red_bed":1,"minecraft:blackstone":301,"minecraft:polished_deepslate_stairs":7,"minecraft:amethyst_cluster":3,"minecraft:note_block":50,"minecraft:dark_oak_wood":89,"minecraft:blast_furnace":1,"minecraft:calcite":26,"minecraft:mossy_cobblestone_wall":9,"minecraft:chest":1,"minecraft:cobblestone":280,"minecraft:sugar_cane":8,"minecraft:oak_planks":107,"minecraft:bricks":2,"minecraft:wall_torch":4,"minecraft:amethyst_block":61,"minecraft:pink_petals":6,"minecraft:white_terracotta":53,"minecraft:chain":2,"evilcraft:dark_ore_deepslate":9,"minecraft:stripped_oak_wood":1,"minecraft:stone_brick_stairs":1,"minecraft:grass":50,"minecraft:cracked_deepslate_tiles":1,"minecraft:oak_log":119,"minecraft:dirt":17,"minecraft:sandstone_wall":4,"minecraft:smooth_basalt":18,"minecraft:netherrack":1,"minecraft:oak_leaves":1,"minecraft:deepslate":28,"minecraft:granite_wall":3,"minecraft:diamond_ore":4,"minecraft:crying_obsidian":4,"minecraft:tuff":1,"minecraft:brown_concrete":40,"minecraft:mossy_cobblestone":25,"minecraft:deepslate_diamond_ore":4,"minecraft:oak_door":2,"enchantinginfuser:enchanting_infuser":1,"minecraft:gray_glazed_terracotta":31,"minecraft:gray_stained_glass_pane":2,"minecraft:chiseled_bookshelf":4,"minecraft:dark_oak_fence":23,"minecraft:mangrove_trapdoor":7,"minecraft:birch_slab":3,"minecraft:hay_block":11,"minecraft:polished_basalt":33,"minecraft:andesite":34,"evilcraft:dark_ore":5,"minecraft:nether_brick_fence":8,"minecraft:polished_deepslate":6,"minecraft:bookshelf":6,"minecraft:cobblestone_slab":74,"minecraft:lantern":2,"minecraft:stone":243,"minecraft:oak_slab":17,"minecraft:birch_stairs":5,"minecraft:gray_concrete":170,"minecraft:glass_pane":16,"minecraft:soul_torch":2,"minecraft:basalt":8,"vampirism:tent_main":3,"minecraft:dandelion":3,"minecraft:oak_fence":20,"minecraft:sculk_sensor":2,"minecraft:tall_grass":7,"minecraft:sculk":56,"minecraft:diorite":48,"minecraft:pearlescent_froglight":1,"minecraft:spruce_stairs":36,"minecraft:gray_wool":85,"minecraft:cobblestone_wall":2,"minecraft:yellow_bed":1,"minecraft:black_wool":17,"minecraft:mangrove_slab":67,"minecraft:coal_ore":9,"minecraft:dark_oak_button":2,"vampirism:fire_place":1,"minecraft:cherry_leaves":11,"minecraft:sunflower":4,"minecraft:stone_bricks":4,"minecraft:polished_blackstone":27,"minecraft:polished_andesite":9,"minecraft:birch_fence":4,"minecraft:crimson_fence":2,"minecraft:iron_trapdoor":26}},"DataVersion":3465}