{"stats":{"minecraft:custom":{"minecraft:mob_kills":121,"minecraft:interact_with_crafting_table":12,"minecraft:open_barrel":24,"minecraft:leave_game":3,"minecraft:time_since_death":142004,"minecraft:climb_one_cm":4620,"minecraft:sprint_one_cm":232487,"minecraft:walk_one_cm":153724,"minecraft:damage_blocked_by_shield":50,"minecraft:drop":56,"minecraft:play_noteblock":3,"minecraft:play_time":142004,"minecraft:sneak_time":9559,"minecraft:walk_under_water_one_cm":23755,"minecraft:jump":1357,"minecraft:interact_with_blast_furnace":1,"minecraft:walk_on_water_one_cm":36652,"minecraft:total_world_time":142004,"spartanshields:shield_bash_hits":2,"tombstone:raider_killed":1,"minecraft:tune_noteblock":4,"minecraft:sleep_in_bed":4,"minecraft:time_since_rest":59783,"minecraft:damage_taken":3891,"minecraft:trigger_trapped_chest":3,"minecraft:damage_dealt":26019,"minecraft:swim_one_cm":28478,"minecraft:fly_one_cm":1397426,"minecraft:open_chest":27,"minecraft:crouch_one_cm":13688,"tombstone:undead_killed":99,"minecraft:fall_one_cm":37508},"minecraft:picked_up":{"minecraft:wooden_axe":1,"minecraft:crafting_table":5,"minecraft:iron_chestplate":1,"minecraft:azure_bluet":1,"minecraft:string":2,"minecraft:gold_nugget":2,"minecraft:cobbled_deepslate":81,"minecraft:poppy":2,"minecraft:sugar_cane":6,"minecraft:chest":3,"minecraft:stick":4,"minecraft:raw_iron":36,"minecraft:porkchop":3,"tombstone:grave_dust":2,"minecraft:tnt":1,"minecraft:arrow":23,"minecraft:rotten_flesh":39,"hmag:ogre_horn":2,"minecraft:hay_block":65,"minecraft:cobblestone":72,"minecraft:stripped_oak_log":4,"minecraft:feather":1,"minecraft:basalt":2,"minecraft:potato":23,"minecraft:yellow_bed":2,"scalinghealth:heart_crystal":5,"minecraft:bone":32,"minecraft:apple":3,"minecraft:bow":2,"minecraft:wheat_seeds":1,"minecraft:iron_ingot":9,"scalinghealth:power_crystal_shard":24,"minecraft:glowstone_dust":1,"minecraft:stone_hoe":4,"minecraft:oak_planks":20,"spartanweaponry:iron_saber":1,"scalinghealth:heart_crystal_shard":45,"minecraft:pumpkin":1,"minecraft:dandelion":2,"minecraft:dripstone_block":1,"minecraft:blast_furnace":1,"minecraft:white_bed":2,"minecraft:bundle":1,"minecraft:diamond":22,"evilcraft:dark_gem":57,"minecraft:golden_apple":1,"minecraft:emerald":7,"minecraft:bread":9,"minecraft:chainmail_helmet":1,"tombstone:magic_scroll":3,"minecraft:oak_sapling":2,"minecraft:coal":5,"minecraft:ender_pearl":1},"minecraft:mined":{"minecraft:tuff":2,"minecraft:white_bed":2,"minecraft:deepslate_diamond_ore":22,"minecraft:granite":10,"minecraft:hay_block":66,"minecraft:iron_ore":34,"minecraft:andesite":35,"minecraft:pumpkin":1,"evilcraft:dark_ore":5,"minecraft:deepslate_lapis_ore":1,"minecraft:pointed_dripstone":2,"minecraft:stripped_oak_log":4,"minecraft:stone":51,"scalinghealth:heart_crystal_ore":2,"minecraft:smithing_table":1,"minecraft:dandelion":1,"scalinghealth:deepslate_heart_crystal_ore":15,"minecraft:crafting_table":5,"minecraft:blast_furnace":1,"minecraft:chest":3,"minecraft:tall_grass":1,"minecraft:cobblestone":21,"minecraft:sugar_cane":1,"minecraft:oak_planks":18,"minecraft:diorite":1,"evilcraft:dark_ore_deepslate":8,"minecraft:tnt":1,"minecraft:yellow_bed":2,"minecraft:grass":6,"minecraft:coal_ore":5,"minecraft:gravel":5,"minecraft:dripstone_block":8,"minecraft:deepslate":105},"minecraft:used":{"minecraft:chest":3,"minecraft:stone_hoe":85,"scalinghealth:heart_crystal":24,"artifacts:mimic_spawn_egg":4,"minecraft:wooden_axe":23,"scalinghealth:power_crystal":8,"spartanshields:iron_basic_shield":2,"minecraft:hay_block":6,"minecraft:potato":3,"minecraft:cobbled_deepslate":17,"minecraft:oak_planks":4,"minecraft:wooden_pickaxe":7,"minecraft:diamond_axe":150,"minecraft:tnt":1,"minecraft:crafting_table":7,"minecraft:white_bed":2,"minecraft:diamond_pickaxe":104,"minecraft:bread":45,"minecraft:iron_pickaxe":235,"minecraft:diamond_sword":85,"minecraft:cobblestone":17,"minecraft:yellow_bed":2},"minecraft:broken":{"minecraft:golden_helmet":1,"spartanweaponry:iron_saber":1,"minecraft:golden_leggings":1},"minecraft:killed":{"minecraft:cave_spider":9,"minecraft:witch":1,"vampirism:advanced_vampire":1,"minecraft:spider":5,"minecraft:skeleton":27,"hmag:ghost":2,"minecraft:pig":1,"minecraft:iron_golem":2,"minecraft:zombie":70,"hmag:ogre":1,"minecraft:enderman":1},"minecraft:crafted":{"minecraft:oak_planks":16,"spartanshields:iron_basic_shield":1,"minecraft:diamond_leggings":1,"minecraft:diamond_boots":1,"minecraft:stone_hoe":1,"minecraft:wheat":297,"minecraft:diamond_sword":1,"minecraft:crafting_table":2,"minecraft:wooden_pickaxe":1,"minecraft:bread":99,"minecraft:diamond_pickaxe":1,"minecraft:stick":16,"minecraft:iron_pickaxe":1,"minecraft:wooden_axe":1,"spartanshields:wooden_basic_shield":1,"minecraft:diamond_chestplate":1},"minecraft:dropped":{"minecraft:stone_hoe":5,"minecraft:porkchop":3,"minecraft:wheat_seeds":1,"minecraft:dripstone_block":1,"minecraft:feather":1,"minecraft:cobblestone":53,"minecraft:chainmail_helmet":1,"minecraft:golden_apple":1,"minecraft:stick":4,"minecraft:emerald":7,"minecraft:flint":2,"minecraft:wooden_axe":1,"hmag:golden_tropical_fish":1,"tombstone:grave_dust":2,"minecraft:iron_pickaxe":1,"minecraft:string":2,"hmag:evil_crystal_fragment":2,"minecraft:dandelion":2,"minecraft:bone":24,"minecraft:sugar_cane":3,"minecraft:cobbled_deepslate":64,"minecraft:rotten_flesh":39,"minecraft:oak_planks":6,"scalinghealth:power_crystal_shard":6,"minecraft:poppy":2,"hmag:ogre_horn":1,"minecraft:hay_block":23,"minecraft:bundle":2,"minecraft:iron_chestplate":1,"minecraft:oak_sapling":2,"minecraft:basalt":2,"minecraft:arrow":10,"minecraft:bow":2,"minecraft:wooden_pickaxe":1}},"DataVersion":3465}