{"stats":{"minecraft:used":{"artifacts:mimic_spawn_egg":4,"scalinghealth:heart_crystal":20,"minecraft:tnt":1,"scalinghealth:power_crystal":8},"minecraft:custom":{"minecraft:jump":1,"minecraft:open_chest":20,"minecraft:time_since_rest":59893,"minecraft:interact_with_blast_furnace":1,"minecraft:crouch_one_cm":73,"minecraft:sprint_one_cm":922,"minecraft:leave_game":2,"minecraft:play_time":59893,"minecraft:walk_on_water_one_cm":5384,"minecraft:time_since_death":59893,"minecraft:walk_one_cm":971,"minecraft:sneak_time":3630,"minecraft:trigger_trapped_chest":1,"minecraft:total_world_time":59893,"minecraft:walk_under_water_one_cm":9545,"minecraft:fly_one_cm":1181100,"minecraft:open_barrel":23}},"DataVersion":3465}