{"stat.pickup.tombstone.soul_receptacle":66,"stat.chestOpened":9,"stat.pickup.minecraft.bone":2,"stat.pickup.securitycraft.keycard_lock":1,"stat.pickup.jarm.pickaxe_ruby":2,"stat.pickup.minecraft.redstone_torch":1,"stat.drop.tombstone.soul_receptacle":2,"stat.drop.jarm.pickaxe_ruby":3,"stat.leaveGame":4,"stat.useItem.securitycraft.admin_tool":4,"stat.useItem.minecraft.skull":1,"stat.swimOneCm":2128,"stat.jump":722,"stat.useItem.minecraft.sand":1,"stat.drop.minecraft.skull":1,"stat.fallOneCm":1941,"stat.climbOneCm":13780,"stat.useItem.minecraft.dark_oak_boat":9,"stat.pickup.minecraft.gunpowder":4,"stat.crouchOneCm":9729,"stat.pickup.minecraft.dirt":1475,"stat.useItem.minecraft.dirt":41,"stat.useItem.minecraft.stone_slab2":1835,"stat.pickup.customnpcs.npcwand":1,"stat.mineBlock.minecraft.hardened_clay":16,"stat.pickup.minecraft.rotten_flesh":2,"stat.pickup.minecraft.sand":21,"stat.boatOneCm":45337,"stat.pickup.minecraft.gold_ore":68,"stat.useItem.minecraft.vine":18,"stat.damageTaken":0,"stat.useItem.jarm.pickaxe_amethyst":520,"stat.pickup.minecraft.cobblestone":78,"stat.aviateOneCm":23485,"stat.flyOneCm":728414,"stat.useItem.minecraft.ender_pearl":1,"tombstone:undead_killed":5,"stat.pickup.minecraft.wheat_seeds":20,"stat.useItem.securitycraft.keycard_lock":2,"stat.mineBlock.minecraft.sand":29,"stat.mineBlock.minecraft.gravel":14,"stat.pickup.minecraft.cactus":3,"stat.damageDealt":1695,"stat.timeSinceDeath":3285,"stat.killEntity.Cow":1,"stat.mineBlock.minecraft.dirt":1300,"stat.useItem.minecraft.spawn_egg":72,"stat.pickup.minecraft.stained_hardened_clay":1,"stat.walkOneCm":364019,"stat.useItem.jarm.pickaxe_ruby":228,"stat.pickup.minecraft.stick":1,"stat.useItem.minecraft.log":79,"stat.useItem.minecraft.cobblestone":4,"stat.furnaceInteraction":3,"stat.killEntity.Creeper":4,"stat.talkedToVillager":1,"stat.drop.jarm.prismarinehelmet":1,"stat.pickup.minecraft.log":1,"stat.drop.minecraft.stone_slab":1,"stat.pickup.securitycraft.codebreaker":10,"stat.useItem.spartanweaponry.dynamite":453,"stat.pickup.minecraft.beef":2,"stat.useItem.tombstone.gift":1,"stat.pickup.minecraft.stone":37,"stat.pickup.minecraft.web":9,"stat.useItem.minecraft.stained_hardened_clay":2,"stat.mineBlock.minecraft.stained_hardened_clay":1,"stat.sprintOneCm":61258,"stat.pickup.minecraft.skull":9,"stat.useItem.minecraft.stone_slab":1,"stat.useItem.securitycraft.lens":6,"stat.mobKills":11,"stat.pickup.securitycraft.universal_block_reinforcer_lvl3":9,"stat.useItem.securitycraft.briefcase":1,"stat.pickup.minecraft.vine":7,"stat.deaths":1,"stat.drop":11,"stat.pickup.minecraft.diamond":1,"stat.pickup.minecraft.egg":1,"stat.playOneMinute":213848,"stat.pickup.minecraft.torch":2,"stat.drop.minecraft.golden_rail":1,"stat.sneakTime":6787,"stat.killEntity.Zombie":5,"stat.pickup.minecraft.stone_slab":1,"stat.drop.minecraft.torch":2,"stat.useItem.jarm.sword_ruby":3,"stat.mineBlock.minecraft.stone":281,"stat.mineBlock.minecraft.gold_ore":4,"stat.pickup.minecraft.golden_rail":1,"stat.mineBlock.minecraft.tallgrass":18,"stat.diveOneCm":4194,"stat.useItem.minecraft.web":4}