{"stats":{"minecraft:custom":{"minecraft:time_since_rest":77539,"minecraft:sprint_one_cm":57445,"minecraft:damage_taken":40,"minecraft:walk_one_cm":26477,"minecraft:trigger_trapped_chest":1,"minecraft:mob_kills":3,"minecraft:drop":1,"minecraft:damage_dealt":2145,"minecraft:swim_one_cm":3830,"minecraft:interact_with_crafting_table":5,"minecraft:fly_one_cm":1250160,"minecraft:open_barrel":23,"minecraft:open_chest":23,"minecraft:crouch_one_cm":2555,"minecraft:play_time":77539,"minecraft:sneak_time":4599,"minecraft:walk_under_water_one_cm":9702,"minecraft:jump":274,"minecraft:interact_with_blast_furnace":1,"minecraft:leave_game":2,"minecraft:time_since_death":77539,"minecraft:walk_on_water_one_cm":6468,"minecraft:total_world_time":77539,"minecraft:climb_one_cm":590,"minecraft:fall_one_cm":5905},"minecraft:picked_up":{"minecraft:stripped_oak_log":4,"minecraft:crafting_table":2,"minecraft:azure_bluet":1,"minecraft:feather":1,"minecraft:pumpkin":1,"minecraft:dandelion":2,"minecraft:potato":23,"minecraft:porkchop":3,"minecraft:yellow_bed":1,"minecraft:white_bed":1,"minecraft:apple":3,"minecraft:wheat_seeds":1,"minecraft:gold_nugget":2,"minecraft:hay_block":56,"minecraft:iron_ingot":9,"minecraft:emerald":7,"minecraft:bread":9,"minecraft:poppy":2,"minecraft:oak_sapling":2,"minecraft:sugar_cane":3,"minecraft:chest":3,"minecraft:oak_planks":2,"minecraft:cobblestone":6},"minecraft:mined":{"minecraft:hay_block":54,"minecraft:white_bed":1,"minecraft:dandelion":1,"minecraft:pumpkin":1,"minecraft:yellow_bed":1,"minecraft:crafting_table":2,"minecraft:grass":6,"minecraft:chest":3,"minecraft:stripped_oak_log":4,"minecraft:tall_grass":1,"minecraft:cobblestone":6,"minecraft:oak_planks":2,"minecraft:sugar_cane":1},"minecraft:killed":{"minecraft:pig":1,"minecraft:iron_golem":2},"minecraft:crafted":{"minecraft:oak_planks":16,"minecraft:crafting_table":1,"minecraft:stick":8,"minecraft:wooden_pickaxe":1,"minecraft:wooden_axe":1,"minecraft:stone_hoe":1,"minecraft:bread":99,"minecraft:wheat":297},"minecraft:used":{"minecraft:wooden_axe":19,"minecraft:bread":3,"minecraft:oak_planks":4,"minecraft:wooden_pickaxe":6,"scalinghealth:power_crystal":8,"minecraft:stone_hoe":60,"minecraft:cobblestone":2,"scalinghealth:heart_crystal":20,"minecraft:tnt":1,"minecraft:crafting_table":2,"artifacts:mimic_spawn_egg":4},"minecraft:dropped":{"minecraft:hay_block":23}},"DataVersion":3465}