{"stat.pickup.tombstone.soul_receptacle":1,"stat.chestOpened":2,"stat.pickup.securitycraft.keycard_lock":1,"stat.drop.tombstone.soul_receptacle":2,"stat.leaveGame":3,"stat.useItem.securitycraft.admin_tool":4,"stat.swimOneCm":2128,"stat.jump":501,"stat.useItem.minecraft.sand":1,"stat.fallOneCm":1941,"stat.climbOneCm":8610,"stat.useItem.minecraft.dark_oak_boat":9,"stat.pickup.minecraft.gunpowder":3,"stat.crouchOneCm":7004,"stat.pickup.minecraft.dirt":1475,"stat.useItem.minecraft.dirt":41,"stat.useItem.minecraft.stone_slab2":1405,"stat.pickup.minecraft.rotten_flesh":1,"stat.pickup.minecraft.sand":21,"stat.boatOneCm":45337,"stat.useItem.minecraft.vine":16,"stat.damageTaken":0,"stat.useItem.jarm.pickaxe_amethyst":520,"stat.pickup.minecraft.cobblestone":78,"stat.aviateOneCm":23485,"stat.flyOneCm":593391,"tombstone:undead_killed":2,"stat.pickup.minecraft.wheat_seeds":20,"stat.useItem.securitycraft.keycard_lock":2,"stat.mineBlock.minecraft.sand":29,"stat.damageDealt":826,"stat.timeSinceDeath":157153,"stat.killEntity.Cow":1,"stat.mineBlock.minecraft.dirt":1296,"stat.walkOneCm":236217,"stat.useItem.minecraft.log":79,"stat.useItem.minecraft.cobblestone":4,"stat.killEntity.Creeper":2,"stat.talkedToVillager":1,"stat.pickup.minecraft.log":1,"stat.drop.minecraft.stone_slab":1,"stat.pickup.securitycraft.codebreaker":1,"stat.useItem.spartanweaponry.dynamite":453,"stat.pickup.minecraft.beef":2,"stat.pickup.minecraft.stone":14,"stat.sprintOneCm":37770,"stat.useItem.minecraft.stone_slab":1,"stat.useItem.securitycraft.lens":6,"stat.mobKills":6,"stat.useItem.securitycraft.briefcase":1,"stat.drop":5,"stat.pickup.minecraft.egg":1,"stat.playOneMinute":157153,"stat.pickup.minecraft.torch":1,"stat.sneakTime":5300,"stat.killEntity.Zombie":2,"stat.pickup.minecraft.stone_slab":1,"stat.drop.minecraft.torch":2,"stat.useItem.jarm.sword_ruby":3,"stat.mineBlock.minecraft.stone":96,"stat.mineBlock.minecraft.tallgrass":18,"stat.diveOneCm":4194}