{"stat.pickup.tombstone.soul_receptacle":631,"stat.pickup.minecraft.bone":4,"stat.pickup.minecraft.gravel":5,"stat.leaveGame":2,"stat.pickup.minecraft.arrow":5,"stat.mineBlock.cfm.stereo":1,"stat.pickup.minecraft.flint":3,"stat.useItem.jarm.axe_amethyst":179,"stat.useItem.minecraft.mutton":1,"stat.jump":675,"stat.swimOneCm":409,"stat.pickup.minecraft.coal":1,"stat.fallOneCm":7223,"stat.climbOneCm":869,"stat.pickup.minecraft.gunpowder":2,"stat.pickup.minecraft.porkchop":3,"stat.crouchOneCm":1252,"stat.pickup.minecraft.spider_eye":1,"stat.pickup.minecraft.dirt":201,"stat.useItem.minecraft.stone_slab2":13,"stat.pickup.minecraft.rotten_flesh":1,"stat.useItem.jarm.sword_amethyst":153,"stat.pickup.minecraft.leather":14,"stat.damageTaken":3284,"stat.killEntity.Llama":9,"stat.useItem.customnpcs.npcwand":5,"stat.flyOneCm":122093,"stat.pickup.minecraft.glass_bottle":2,"tombstone:undead_killed":3,"stat.pickup.minecraft.wheat_seeds":2,"stat.killEntity.Witch":1,"stat.damageDealt":13328,"stat.timeSinceDeath":38323,"stat.mineBlock.minecraft.dirt":2,"stat.useItem.minecraft.spawn_egg":5,"stat.pickup.minecraft.mutton":7,"stat.walkOneCm":53489,"stat.killEntity.Creeper":3,"stat.pickup.cfm.stereo":1,"stat.pickup.minecraft.nether_star":1,"stat.sprintOneCm":15685,"stat.killEntity.Skeleton":2,"stat.killEntity.Spider":1,"stat.mobKills":24,"stat.useItem.minecraft.golden_apple":9,"stat.playOneMinute":38323,"stat.killEntity.Sheep":4,"stat.sneakTime":453,"stat.pickup.minecraft.wool":4,"stat.killEntity.Zombie":1,"stat.mineBlock.minecraft.tallgrass":5}