{"stats":{"minecraft:custom":{"minecraft:open_barrel":23,"minecraft:time_since_rest":65539,"minecraft:open_chest":23,"minecraft:crouch_one_cm":401,"minecraft:sprint_one_cm":12142,"minecraft:play_time":65539,"minecraft:walk_one_cm":7870,"minecraft:sneak_time":3733,"minecraft:trigger_trapped_chest":1,"minecraft:walk_under_water_one_cm":9637,"minecraft:jump":46,"minecraft:interact_with_blast_furnace":1,"minecraft:leave_game":2,"minecraft:walk_on_water_one_cm":5923,"minecraft:time_since_death":65539,"minecraft:climb_one_cm":590,"minecraft:total_world_time":65539,"minecraft:swim_one_cm":2146,"minecraft:fall_one_cm":685,"minecraft:fly_one_cm":1189763},"minecraft:picked_up":{"minecraft:gold_nugget":2,"minecraft:dandelion":1,"minecraft:potato":14,"minecraft:bread":3,"minecraft:emerald":4,"minecraft:sugar_cane":3,"minecraft:chest":1},"minecraft:mined":{"minecraft:grass":2,"minecraft:chest":1,"minecraft:sugar_cane":1},"minecraft:used":{"scalinghealth:heart_crystal":20,"minecraft:tnt":1,"artifacts:mimic_spawn_egg":4,"scalinghealth:power_crystal":8}},"DataVersion":3465}