{"stats":{"minecraft:custom":{"minecraft:mob_kills":28,"tombstone:raider_killed":1,"minecraft:interact_with_crafting_table":7,"minecraft:tune_noteblock":4,"minecraft:open_barrel":24,"minecraft:leave_game":2,"minecraft:time_since_death":125539,"minecraft:sleep_in_bed":4,"minecraft:climb_one_cm":4592,"minecraft:time_since_rest":43318,"minecraft:sprint_one_cm":214700,"minecraft:damage_taken":1640,"minecraft:walk_one_cm":104115,"minecraft:trigger_trapped_chest":3,"minecraft:drop":24,"minecraft:damage_dealt":8894,"minecraft:play_noteblock":3,"minecraft:swim_one_cm":24554,"minecraft:fly_one_cm":1381593,"minecraft:open_chest":25,"minecraft:crouch_one_cm":13439,"minecraft:play_time":125539,"tombstone:undead_killed":20,"minecraft:sneak_time":9476,"minecraft:walk_under_water_one_cm":21338,"minecraft:jump":1117,"minecraft:interact_with_blast_furnace":1,"minecraft:walk_on_water_one_cm":34578,"minecraft:total_world_time":125539,"minecraft:fall_one_cm":34114},"minecraft:picked_up":{"minecraft:stripped_oak_log":4,"minecraft:crafting_table":4,"minecraft:feather":1,"minecraft:azure_bluet":1,"minecraft:basalt":2,"minecraft:potato":23,"minecraft:yellow_bed":2,"scalinghealth:heart_crystal":2,"minecraft:bone":9,"minecraft:apple":3,"minecraft:wheat_seeds":1,"minecraft:gold_nugget":2,"minecraft:cobbled_deepslate":76,"minecraft:iron_ingot":9,"scalinghealth:power_crystal_shard":12,"minecraft:poppy":2,"minecraft:sugar_cane":3,"minecraft:chest":3,"minecraft:oak_planks":6,"minecraft:stick":4,"minecraft:raw_iron":36,"scalinghealth:heart_crystal_shard":17,"minecraft:pumpkin":1,"minecraft:dandelion":2,"minecraft:dripstone_block":1,"minecraft:porkchop":3,"minecraft:blast_furnace":1,"minecraft:white_bed":2,"minecraft:bundle":1,"minecraft:tnt":1,"minecraft:arrow":9,"hmag:ogre_horn":1,"minecraft:rotten_flesh":2,"minecraft:diamond":22,"evilcraft:dark_gem":57,"minecraft:hay_block":65,"minecraft:chainmail_helmet":1,"minecraft:bread":9,"minecraft:emerald":7,"tombstone:magic_scroll":2,"minecraft:oak_sapling":2,"minecraft:coal":5,"minecraft:cobblestone":72,"minecraft:ender_pearl":1},"minecraft:mined":{"minecraft:smithing_table":1,"minecraft:tuff":2,"minecraft:white_bed":2,"minecraft:deepslate_diamond_ore":22,"minecraft:dandelion":1,"scalinghealth:deepslate_heart_crystal_ore":15,"minecraft:crafting_table":4,"minecraft:granite":10,"minecraft:blast_furnace":1,"minecraft:chest":3,"minecraft:tall_grass":1,"minecraft:cobblestone":21,"minecraft:sugar_cane":1,"minecraft:oak_planks":6,"minecraft:diorite":1,"minecraft:hay_block":66,"evilcraft:dark_ore_deepslate":8,"minecraft:iron_ore":34,"minecraft:andesite":31,"minecraft:pumpkin":1,"minecraft:tnt":1,"evilcraft:dark_ore":5,"minecraft:deepslate_lapis_ore":1,"minecraft:yellow_bed":2,"minecraft:grass":6,"minecraft:pointed_dripstone":2,"minecraft:coal_ore":5,"minecraft:gravel":5,"minecraft:dripstone_block":8,"minecraft:stripped_oak_log":4,"minecraft:stone":45,"minecraft:deepslate":85,"scalinghealth:heart_crystal_ore":2},"minecraft:used":{"minecraft:oak_planks":4,"minecraft:wooden_pickaxe":7,"minecraft:diamond_axe":53,"minecraft:stone_hoe":85,"scalinghealth:heart_crystal":23,"minecraft:crafting_table":4,"minecraft:tnt":1,"minecraft:white_bed":2,"artifacts:mimic_spawn_egg":4,"minecraft:wooden_axe":23,"minecraft:diamond_pickaxe":74,"minecraft:bread":25,"minecraft:iron_pickaxe":233,"scalinghealth:power_crystal":8,"minecraft:cobblestone":17,"minecraft:hay_block":6,"minecraft:yellow_bed":2,"minecraft:cobbled_deepslate":17,"minecraft:potato":2},"minecraft:killed":{"minecraft:cave_spider":1,"hmag:ghost":1,"minecraft:pig":1,"minecraft:witch":1,"vampirism:advanced_vampire":1,"minecraft:iron_golem":2,"minecraft:skeleton":12,"minecraft:zombie":7,"hmag:ogre":1,"minecraft:enderman":1},"minecraft:crafted":{"minecraft:oak_planks":16,"minecraft:crafting_table":1,"minecraft:wooden_pickaxe":1,"minecraft:bread":99,"minecraft:diamond_pickaxe":1,"minecraft:stick":12,"minecraft:iron_pickaxe":1,"minecraft:wooden_axe":1,"minecraft:stone_hoe":1,"minecraft:wheat":297},"minecraft:dropped":{"minecraft:porkchop":3,"minecraft:wheat_seeds":1,"minecraft:dripstone_block":1,"minecraft:feather":1,"minecraft:cobblestone":53,"minecraft:rotten_flesh":2,"minecraft:oak_planks":2,"scalinghealth:power_crystal_shard":6,"minecraft:chainmail_helmet":1,"minecraft:stick":4,"minecraft:flint":2,"minecraft:poppy":2,"minecraft:hay_block":23,"minecraft:bundle":2,"hmag:golden_tropical_fish":1,"minecraft:oak_sapling":2,"minecraft:basalt":2,"minecraft:arrow":4,"hmag:evil_crystal_fragment":2,"minecraft:dandelion":2,"minecraft:bone":1}},"DataVersion":3465}