{"stat.pickup.tombstone.soul_receptacle":1,"stat.drop.tombstone.soul_receptacle":2,"stat.leaveGame":1,"stat.swimOneCm":2128,"stat.jump":385,"stat.useItem.minecraft.sand":1,"stat.fallOneCm":1732,"stat.useItem.minecraft.dark_oak_boat":9,"stat.pickup.minecraft.gunpowder":3,"stat.crouchOneCm":5794,"stat.pickup.minecraft.dirt":1411,"stat.useItem.minecraft.dirt":41,"stat.useItem.minecraft.stone_slab2":715,"stat.pickup.minecraft.rotten_flesh":1,"stat.pickup.minecraft.sand":21,"stat.boatOneCm":45337,"stat.damageTaken":0,"stat.useItem.jarm.pickaxe_amethyst":520,"stat.pickup.minecraft.cobblestone":78,"stat.aviateOneCm":23485,"stat.flyOneCm":525298,"tombstone:undead_killed":2,"stat.pickup.minecraft.wheat_seeds":20,"stat.mineBlock.minecraft.sand":29,"stat.damageDealt":826,"stat.timeSinceDeath":79384,"stat.killEntity.Cow":1,"stat.mineBlock.minecraft.dirt":1296,"stat.walkOneCm":166752,"stat.useItem.minecraft.log":75,"stat.killEntity.Creeper":2,"stat.talkedToVillager":1,"stat.pickup.minecraft.log":1,"stat.useItem.spartanweaponry.dynamite":453,"stat.pickup.minecraft.beef":2,"stat.pickup.minecraft.stone":14,"stat.sprintOneCm":28762,"stat.mobKills":6,"stat.drop":2,"stat.pickup.minecraft.egg":1,"stat.playOneMinute":79384,"stat.sneakTime":4082,"stat.killEntity.Zombie":2,"stat.useItem.jarm.sword_ruby":3,"stat.mineBlock.minecraft.stone":96,"stat.mineBlock.minecraft.tallgrass":18,"stat.diveOneCm":4194}