{"stats":{"minecraft:custom":{"minecraft:mob_kills":18,"tombstone:raider_killed":1,"minecraft:interact_with_crafting_table":6,"minecraft:tune_noteblock":4,"minecraft:open_barrel":24,"minecraft:leave_game":2,"minecraft:time_since_death":101539,"minecraft:sleep_in_bed":4,"minecraft:climb_one_cm":4564,"minecraft:time_since_rest":19318,"minecraft:sprint_one_cm":144464,"minecraft:damage_taken":970,"minecraft:walk_one_cm":74127,"minecraft:trigger_trapped_chest":3,"minecraft:drop":14,"minecraft:damage_dealt":6058,"minecraft:play_noteblock":3,"minecraft:swim_one_cm":5607,"minecraft:fly_one_cm":1332510,"minecraft:open_chest":25,"minecraft:crouch_one_cm":5441,"minecraft:play_time":101539,"tombstone:undead_killed":12,"minecraft:sneak_time":5821,"minecraft:walk_under_water_one_cm":11110,"minecraft:jump":687,"minecraft:interact_with_blast_furnace":1,"minecraft:walk_on_water_one_cm":20456,"minecraft:total_world_time":101539,"minecraft:fall_one_cm":21425},"minecraft:picked_up":{"minecraft:stripped_oak_log":4,"minecraft:crafting_table":3,"minecraft:feather":1,"minecraft:azure_bluet":1,"minecraft:potato":23,"minecraft:yellow_bed":2,"scalinghealth:heart_crystal":2,"minecraft:bone":8,"minecraft:apple":3,"minecraft:wheat_seeds":1,"minecraft:gold_nugget":2,"minecraft:iron_ingot":9,"scalinghealth:power_crystal_shard":12,"minecraft:poppy":2,"minecraft:sugar_cane":3,"minecraft:chest":3,"minecraft:oak_planks":4,"minecraft:raw_iron":36,"scalinghealth:heart_crystal_shard":2,"minecraft:pumpkin":1,"minecraft:dandelion":2,"minecraft:porkchop":3,"minecraft:blast_furnace":1,"minecraft:white_bed":2,"minecraft:bundle":1,"minecraft:tnt":1,"minecraft:arrow":9,"minecraft:rotten_flesh":2,"minecraft:diamond":1,"evilcraft:dark_gem":21,"minecraft:hay_block":62,"minecraft:bread":9,"minecraft:emerald":7,"tombstone:magic_scroll":1,"minecraft:oak_sapling":2,"minecraft:coal":5,"minecraft:cobblestone":17},"minecraft:mined":{"minecraft:smithing_table":1,"minecraft:white_bed":2,"minecraft:deepslate_diamond_ore":1,"minecraft:dandelion":1,"minecraft:crafting_table":3,"minecraft:granite":2,"minecraft:blast_furnace":1,"minecraft:chest":3,"minecraft:tall_grass":1,"minecraft:cobblestone":6,"minecraft:sugar_cane":1,"minecraft:oak_planks":4,"minecraft:diorite":1,"minecraft:hay_block":60,"minecraft:iron_ore":34,"minecraft:pumpkin":1,"minecraft:tnt":1,"evilcraft:dark_ore":5,"minecraft:yellow_bed":2,"minecraft:grass":6,"minecraft:coal_ore":5,"minecraft:stripped_oak_log":4,"minecraft:stone":5,"minecraft:deepslate":1,"scalinghealth:heart_crystal_ore":2},"minecraft:used":{"minecraft:oak_planks":4,"minecraft:wooden_pickaxe":7,"minecraft:diamond_axe":32,"minecraft:stone_hoe":79,"scalinghealth:heart_crystal":20,"minecraft:crafting_table":3,"minecraft:tnt":1,"minecraft:white_bed":2,"artifacts:mimic_spawn_egg":4,"minecraft:wooden_axe":23,"minecraft:bread":15,"minecraft:iron_pickaxe":62,"scalinghealth:power_crystal":8,"minecraft:cobblestone":2,"minecraft:yellow_bed":2,"minecraft:potato":2},"minecraft:killed":{"minecraft:cave_spider":1,"minecraft:pig":1,"minecraft:witch":1,"vampirism:advanced_vampire":1,"minecraft:iron_golem":2,"minecraft:skeleton":8,"minecraft:zombie":4},"minecraft:crafted":{"minecraft:oak_planks":16,"minecraft:crafting_table":1,"minecraft:wooden_pickaxe":1,"minecraft:bread":99,"minecraft:stick":8,"minecraft:iron_pickaxe":1,"minecraft:wooden_axe":1,"minecraft:stone_hoe":1,"minecraft:wheat":297},"minecraft:dropped":{"minecraft:porkchop":3,"minecraft:wheat_seeds":1,"minecraft:feather":1,"minecraft:rotten_flesh":2,"scalinghealth:power_crystal_shard":6,"minecraft:flint":2,"minecraft:hay_block":23,"minecraft:bundle":2,"minecraft:oak_sapling":2,"minecraft:arrow":4,"hmag:evil_crystal_fragment":2,"minecraft:dandelion":2}},"DataVersion":3465}