{"stats":{"minecraft:custom":{"minecraft:mob_kills":24,"tombstone:raider_killed":1,"minecraft:interact_with_crafting_table":7,"minecraft:tune_noteblock":4,"minecraft:open_barrel":24,"minecraft:leave_game":2,"minecraft:time_since_death":113539,"minecraft:sleep_in_bed":4,"minecraft:climb_one_cm":4564,"minecraft:time_since_rest":31318,"minecraft:sprint_one_cm":184501,"minecraft:damage_taken":1219,"minecraft:walk_one_cm":91277,"minecraft:trigger_trapped_chest":3,"minecraft:drop":20,"minecraft:damage_dealt":7430,"minecraft:play_noteblock":3,"minecraft:swim_one_cm":15189,"minecraft:fly_one_cm":1353731,"minecraft:open_chest":25,"minecraft:crouch_one_cm":11518,"minecraft:play_time":113539,"tombstone:undead_killed":17,"minecraft:sneak_time":8344,"minecraft:walk_under_water_one_cm":13804,"minecraft:jump":908,"minecraft:interact_with_blast_furnace":1,"minecraft:walk_on_water_one_cm":28841,"minecraft:total_world_time":113539,"minecraft:fall_one_cm":28174},"minecraft:picked_up":{"minecraft:stripped_oak_log":4,"minecraft:crafting_table":4,"minecraft:feather":1,"minecraft:azure_bluet":1,"minecraft:potato":23,"minecraft:yellow_bed":2,"scalinghealth:heart_crystal":2,"minecraft:bone":8,"minecraft:apple":3,"minecraft:wheat_seeds":1,"minecraft:gold_nugget":2,"minecraft:cobbled_deepslate":41,"minecraft:iron_ingot":9,"scalinghealth:power_crystal_shard":12,"minecraft:poppy":2,"minecraft:sugar_cane":3,"minecraft:chest":3,"minecraft:oak_planks":6,"minecraft:stick":4,"minecraft:raw_iron":36,"scalinghealth:heart_crystal_shard":2,"minecraft:pumpkin":1,"minecraft:dandelion":2,"minecraft:dripstone_block":1,"minecraft:porkchop":3,"minecraft:blast_furnace":1,"minecraft:white_bed":2,"minecraft:bundle":1,"minecraft:tnt":1,"minecraft:arrow":9,"minecraft:rotten_flesh":2,"minecraft:diamond":6,"evilcraft:dark_gem":21,"minecraft:hay_block":65,"minecraft:bread":9,"minecraft:emerald":7,"tombstone:magic_scroll":1,"minecraft:oak_sapling":2,"minecraft:coal":5,"minecraft:cobblestone":72,"minecraft:ender_pearl":1},"minecraft:mined":{"minecraft:smithing_table":1,"minecraft:white_bed":2,"minecraft:deepslate_diamond_ore":6,"minecraft:dandelion":1,"minecraft:crafting_table":4,"minecraft:granite":10,"minecraft:blast_furnace":1,"minecraft:chest":3,"minecraft:tall_grass":1,"minecraft:cobblestone":21,"minecraft:sugar_cane":1,"minecraft:oak_planks":6,"minecraft:diorite":1,"minecraft:hay_block":66,"minecraft:iron_ore":34,"minecraft:andesite":31,"minecraft:pumpkin":1,"minecraft:tnt":1,"evilcraft:dark_ore":5,"minecraft:deepslate_lapis_ore":1,"minecraft:yellow_bed":2,"minecraft:grass":6,"minecraft:pointed_dripstone":2,"minecraft:coal_ore":5,"minecraft:gravel":5,"minecraft:stripped_oak_log":4,"minecraft:stone":45,"minecraft:deepslate":48,"scalinghealth:heart_crystal_ore":2},"minecraft:used":{"minecraft:oak_planks":4,"minecraft:wooden_pickaxe":7,"minecraft:diamond_axe":44,"minecraft:stone_hoe":85,"scalinghealth:heart_crystal":23,"minecraft:crafting_table":4,"minecraft:tnt":1,"minecraft:white_bed":2,"artifacts:mimic_spawn_egg":4,"minecraft:wooden_axe":23,"minecraft:bread":19,"minecraft:iron_pickaxe":216,"scalinghealth:power_crystal":8,"minecraft:cobblestone":17,"minecraft:hay_block":6,"minecraft:yellow_bed":2,"minecraft:cobbled_deepslate":4,"minecraft:potato":2},"minecraft:killed":{"minecraft:cave_spider":1,"hmag:ghost":1,"minecraft:pig":1,"minecraft:witch":1,"vampirism:advanced_vampire":1,"minecraft:iron_golem":2,"minecraft:skeleton":9,"minecraft:zombie":7,"minecraft:enderman":1},"minecraft:crafted":{"minecraft:oak_planks":16,"minecraft:crafting_table":1,"minecraft:wooden_pickaxe":1,"minecraft:bread":99,"minecraft:diamond_pickaxe":1,"minecraft:stick":12,"minecraft:iron_pickaxe":1,"minecraft:wooden_axe":1,"minecraft:stone_hoe":1,"minecraft:wheat":297},"minecraft:dropped":{"minecraft:porkchop":3,"minecraft:wheat_seeds":1,"minecraft:dripstone_block":1,"minecraft:feather":1,"minecraft:rotten_flesh":2,"minecraft:oak_planks":2,"scalinghealth:power_crystal_shard":6,"minecraft:chainmail_helmet":1,"minecraft:stick":4,"minecraft:flint":2,"minecraft:poppy":2,"minecraft:hay_block":23,"minecraft:bundle":2,"minecraft:oak_sapling":2,"minecraft:arrow":4,"hmag:evil_crystal_fragment":2,"minecraft:dandelion":2}},"DataVersion":3465}