{"stat.killEntity.Skeleton":2,"stat.walkOneCm":17182,"stat.useItem.jarm.sword_amethyst":24,"stat.pickup.minecraft.bone":2,"stat.pickup.minecraft.gravel":5,"stat.pickup.minecraft.arrow":3,"stat.pickup.minecraft.leather":14,"stat.damageTaken":378,"stat.mineBlock.cfm.stereo":1,"stat.pickup.minecraft.flint":3,"stat.useItem.jarm.axe_amethyst":36,"stat.mobKills":16,"stat.killEntity.Creeper":3,"stat.killEntity.Llama":9,"stat.useItem.minecraft.golden_apple":5,"stat.useItem.customnpcs.npcwand":1,"stat.flyOneCm":80561,"tombstone:undead_killed":2,"stat.useItem.minecraft.mutton":1,"stat.pickup.minecraft.wheat_seeds":2,"stat.jump":269,"stat.swimOneCm":300,"stat.playOneMinute":16972,"stat.pickup.minecraft.coal":1,"stat.pickup.cfm.stereo":1,"stat.killEntity.Sheep":2,"stat.sneakTime":254,"stat.pickup.minecraft.wool":1,"stat.damageDealt":5784,"stat.pickup.minecraft.gunpowder":2,"stat.pickup.minecraft.porkchop":3,"stat.crouchOneCm":832,"stat.timeSinceDeath":16972,"stat.pickup.minecraft.dirt":200,"stat.sprintOneCm":12386,"stat.mineBlock.minecraft.dirt":1,"stat.useItem.minecraft.stone_slab2":12,"stat.mineBlock.minecraft.tallgrass":1,"stat.pickup.minecraft.mutton":2}