{"stats":{"minecraft:custom":{"minecraft:mob_kills":7,"minecraft:interact_with_crafting_table":6,"minecraft:tune_noteblock":4,"minecraft:open_barrel":24,"minecraft:leave_game":2,"minecraft:time_since_death":89539,"minecraft:sleep_in_bed":4,"minecraft:climb_one_cm":4320,"minecraft:time_since_rest":7318,"minecraft:sprint_one_cm":86115,"minecraft:damage_taken":595,"minecraft:walk_one_cm":57114,"minecraft:trigger_trapped_chest":3,"minecraft:drop":2,"minecraft:damage_dealt":2930,"minecraft:play_noteblock":3,"minecraft:swim_one_cm":5607,"minecraft:fly_one_cm":1298535,"minecraft:open_chest":25,"minecraft:crouch_one_cm":3362,"minecraft:play_time":89539,"tombstone:undead_killed":4,"minecraft:sneak_time":4887,"minecraft:walk_under_water_one_cm":11110,"minecraft:jump":482,"minecraft:interact_with_blast_furnace":1,"minecraft:walk_on_water_one_cm":13203,"minecraft:total_world_time":89539,"minecraft:fall_one_cm":10936},"minecraft:picked_up":{"minecraft:stripped_oak_log":4,"minecraft:crafting_table":3,"minecraft:feather":1,"minecraft:azure_bluet":1,"minecraft:potato":23,"minecraft:yellow_bed":2,"scalinghealth:heart_crystal":1,"minecraft:bone":3,"minecraft:apple":3,"minecraft:wheat_seeds":1,"minecraft:gold_nugget":2,"minecraft:iron_ingot":9,"minecraft:poppy":2,"minecraft:sugar_cane":3,"minecraft:chest":3,"minecraft:oak_planks":4,"minecraft:raw_iron":4,"minecraft:pumpkin":1,"minecraft:dandelion":2,"minecraft:porkchop":3,"minecraft:blast_furnace":1,"minecraft:white_bed":2,"minecraft:tnt":1,"minecraft:arrow":2,"minecraft:rotten_flesh":2,"minecraft:hay_block":62,"minecraft:bread":9,"minecraft:emerald":7,"minecraft:oak_sapling":2,"minecraft:cobblestone":14},"minecraft:mined":{"minecraft:smithing_table":1,"minecraft:white_bed":2,"minecraft:dandelion":1,"minecraft:crafting_table":3,"minecraft:blast_furnace":1,"minecraft:chest":3,"minecraft:tall_grass":1,"minecraft:cobblestone":6,"minecraft:sugar_cane":1,"minecraft:oak_planks":4,"minecraft:hay_block":60,"minecraft:iron_ore":4,"minecraft:pumpkin":1,"minecraft:tnt":1,"minecraft:yellow_bed":2,"minecraft:grass":6,"minecraft:stripped_oak_log":4,"minecraft:stone":2},"minecraft:used":{"minecraft:oak_planks":4,"minecraft:wooden_pickaxe":7,"minecraft:diamond_axe":1,"minecraft:stone_hoe":79,"scalinghealth:heart_crystal":20,"minecraft:crafting_table":3,"minecraft:tnt":1,"minecraft:white_bed":2,"artifacts:mimic_spawn_egg":4,"minecraft:wooden_axe":23,"minecraft:bread":8,"minecraft:iron_pickaxe":7,"scalinghealth:power_crystal":8,"minecraft:cobblestone":2,"minecraft:yellow_bed":2},"minecraft:killed":{"minecraft:pig":1,"minecraft:iron_golem":2,"minecraft:skeleton":3,"minecraft:zombie":1},"minecraft:crafted":{"minecraft:oak_planks":16,"minecraft:crafting_table":1,"minecraft:wooden_pickaxe":1,"minecraft:bread":99,"minecraft:stick":8,"minecraft:iron_pickaxe":1,"minecraft:wooden_axe":1,"minecraft:stone_hoe":1,"minecraft:wheat":297},"minecraft:dropped":{"minecraft:hay_block":23,"minecraft:oak_sapling":2}},"DataVersion":3465}