{"stat.pickup.minecraft.bone":2,"stat.pickup.minecraft.gravel":5,"stat.leaveGame":1,"stat.pickup.minecraft.arrow":3,"stat.mineBlock.cfm.stereo":1,"stat.pickup.minecraft.flint":3,"stat.useItem.jarm.axe_amethyst":179,"stat.useItem.minecraft.mutton":1,"stat.jump":553,"stat.swimOneCm":300,"stat.pickup.minecraft.coal":1,"stat.fallOneCm":3725,"stat.pickup.minecraft.gunpowder":2,"stat.pickup.minecraft.porkchop":3,"stat.crouchOneCm":968,"stat.pickup.minecraft.dirt":200,"stat.useItem.minecraft.stone_slab2":12,"stat.useItem.jarm.sword_amethyst":105,"stat.pickup.minecraft.leather":14,"stat.damageTaken":1680,"stat.killEntity.Llama":9,"stat.useItem.customnpcs.npcwand":2,"stat.flyOneCm":108844,"tombstone:undead_killed":2,"stat.pickup.minecraft.wheat_seeds":2,"stat.damageDealt":7382,"stat.timeSinceDeath":28805,"stat.mineBlock.minecraft.dirt":1,"stat.useItem.minecraft.spawn_egg":5,"stat.pickup.minecraft.mutton":7,"stat.walkOneCm":35345,"stat.killEntity.Creeper":3,"stat.pickup.cfm.stereo":1,"stat.pickup.minecraft.nether_star":1,"stat.sprintOneCm":12675,"stat.killEntity.Skeleton":2,"stat.mobKills":18,"stat.useItem.minecraft.golden_apple":7,"stat.playOneMinute":28805,"stat.killEntity.Sheep":4,"stat.sneakTime":394,"stat.pickup.minecraft.wool":4,"stat.mineBlock.minecraft.tallgrass":4}