{"stats":{"minecraft:custom":{"minecraft:time_since_rest":7318,"minecraft:sprint_one_cm":91703,"minecraft:damage_taken":411,"minecraft:walk_one_cm":59122,"minecraft:trigger_trapped_chest":1,"minecraft:mob_kills":15,"minecraft:damage_dealt":1963,"minecraft:swim_one_cm":11234,"minecraft:interact_with_crafting_table":8,"minecraft:fly_one_cm":33539,"minecraft:open_barrel":1,"minecraft:open_chest":2,"minecraft:crouch_one_cm":330,"minecraft:play_time":20762,"tombstone:undead_killed":3,"minecraft:sneak_time":130,"minecraft:walk_under_water_one_cm":2856,"minecraft:jump":213,"minecraft:walk_on_water_one_cm":14953,"minecraft:time_since_death":20762,"minecraft:sleep_in_bed":1,"minecraft:climb_one_cm":220,"minecraft:total_world_time":20762,"minecraft:fall_one_cm":2696},"minecraft:picked_up":{"minecraft:raw_iron":2,"minecraft:crafting_table":3,"minecraft:leather":7,"minecraft:gravel":1,"minecraft:porkchop":6,"minecraft:oak_log":6,"minecraft:gunpowder":1,"minecraft:dirt":12,"evilcraft:poison_sac":1,"minecraft:bone":1,"minecraft:rotten_flesh":2,"minecraft:bow":1,"spartanweaponry:iron_greatsword":2,"minecraft:hay_block":30,"minecraft:beef":8,"scalinghealth:power_crystal_shard":1,"minecraft:sugar_cane":17,"minecraft:mutton":1,"minecraft:cobblestone":19,"minecraft:white_wool":1},"minecraft:mined":{"minecraft:hay_block":9,"minecraft:iron_ore":2,"minecraft:crafting_table":3,"minecraft:grass":3,"minecraft:grass_block":3,"minecraft:oak_log":6,"minecraft:gravel":1,"minecraft:dirt":9,"minecraft:stone":19,"minecraft:sugar_cane":8},"minecraft:used":{"minecraft:stone_pickaxe":2,"minecraft:bread":6,"minecraft:wooden_pickaxe":20,"minecraft:stone_axe":28,"minecraft:crafting_table":3,"spartanweaponry:iron_greatsword":19},"minecraft:crafted":{"minecraft:oak_planks":24,"minecraft:crafting_table":1,"minecraft:stick":8,"minecraft:wooden_pickaxe":1,"minecraft:stone_pickaxe":1,"minecraft:furnace":1,"minecraft:stone_axe":1,"minecraft:bread":90,"minecraft:wheat":270},"minecraft:broken":{"spartanweaponry:iron_greatsword":1},"minecraft:killed":{"minecraft:sheep":1,"hmag:zombie_girl":1,"evilcraft:poisonous_libelle":1,"minecraft:zombie":2,"minecraft:pig":3,"minecraft:spider":1,"minecraft:creeper":1,"minecraft:cow":5}},"DataVersion":3465}