{"stats":{"minecraft:custom":{"minecraft:interact_with_furnace":7,"minecraft:mob_kills":24,"minecraft:interact_with_crafting_table":11,"minecraft:open_barrel":5,"minecraft:time_since_death":32762,"minecraft:sleep_in_bed":1,"minecraft:climb_one_cm":220,"minecraft:time_since_rest":19318,"minecraft:sprint_one_cm":129861,"minecraft:damage_taken":1176,"minecraft:walk_one_cm":104027,"minecraft:trigger_trapped_chest":5,"minecraft:drop":3,"minecraft:damage_dealt":4125,"minecraft:swim_one_cm":13018,"minecraft:fly_one_cm":44602,"minecraft:open_chest":3,"minecraft:crouch_one_cm":330,"minecraft:play_time":32762,"tombstone:undead_killed":10,"minecraft:sneak_time":167,"minecraft:walk_under_water_one_cm":4603,"minecraft:jump":354,"minecraft:walk_on_water_one_cm":22661,"minecraft:total_world_time":32762,"minecraft:fall_one_cm":7376},"minecraft:picked_up":{"minecraft:crafting_table":5,"spartanweaponry:iron_warhammer":1,"minecraft:leather":7,"minecraft:smithing_table":1,"minecraft:oak_log":6,"minecraft:gunpowder":1,"minecraft:dirt":12,"evilcraft:poison_sac":1,"minecraft:bone":4,"minecraft:chipped_anvil":1,"spartanweaponry:iron_greatsword":2,"minecraft:bow":1,"minecraft:cobbled_deepslate":1,"minecraft:beef":8,"scalinghealth:power_crystal_shard":1,"minecraft:sugar_cane":17,"minecraft:gray_bed":1,"minecraft:furnace":1,"minecraft:stick":1,"minecraft:raw_iron":11,"minecraft:gravel":1,"minecraft:porkchop":6,"minecraft:rotten_flesh":8,"minecraft:hay_block":30,"minecraft:oak_sapling":2,"minecraft:mutton":1,"minecraft:coal":19,"minecraft:white_wool":1,"minecraft:cobblestone":20},"minecraft:mined":{"minecraft:crafting_table":5,"minecraft:grass_block":3,"minecraft:sugar_cane":8,"minecraft:hay_block":9,"minecraft:furnace":1,"evilcraft:dark_ore_deepslate":1,"minecraft:iron_ore":11,"minecraft:gray_bed":1,"minecraft:grass":3,"minecraft:oak_log":6,"minecraft:coal_ore":19,"minecraft:deepslate_iron_ore":2,"minecraft:gravel":1,"minecraft:dirt":9,"minecraft:stone":20,"minecraft:chipped_anvil":1,"minecraft:deepslate":4},"minecraft:used":{"minecraft:stone_pickaxe":20,"minecraft:wooden_pickaxe":20,"minecraft:iron_sword":22,"minecraft:torch":5,"minecraft:crafting_table":5,"minecraft:iron_axe":28,"minecraft:bread":17,"minecraft:iron_pickaxe":22,"minecraft:stone_axe":28,"minecraft:cobblestone":6,"spartanweaponry:iron_greatsword":19},"minecraft:killed":{"minecraft:pig":3,"vampirism:advanced_vampire":1,"minecraft:zombie_villager":1,"minecraft:spider":2,"minecraft:creeper":1,"minecraft:skeleton":1,"minecraft:sheep":1,"hmag:zombie_girl":3,"minecraft:zombie":5,"evilcraft:poisonous_libelle":1,"minecraft:cow":5},"minecraft:crafted":{"minecraft:oak_planks":24,"minecraft:crafting_table":1,"minecraft:wooden_pickaxe":1,"minecraft:iron_sword":1,"minecraft:furnace":1,"minecraft:stone_axe":1,"minecraft:bread":90,"minecraft:air":0,"minecraft:shield":1,"minecraft:stick":16,"minecraft:iron_ingot":8,"minecraft:iron_pickaxe":1,"minecraft:stone_pickaxe":1,"minecraft:torch":24,"minecraft:wheat":270},"minecraft:broken":{"spartanweaponry:iron_greatsword":1},"minecraft:dropped":{"minecraft:gravel":1,"minecraft:dirt":12,"minecraft:oak_sapling":2}},"DataVersion":3465}