{"stats":{"minecraft:custom":{"minecraft:interact_with_furnace":16,"minecraft:mob_kills":34,"minecraft:interact_with_crafting_table":14,"minecraft:open_barrel":5,"minecraft:time_since_death":44762,"minecraft:sleep_in_bed":1,"minecraft:climb_one_cm":220,"minecraft:time_since_rest":31318,"minecraft:sprint_one_cm":170764,"minecraft:damage_taken":1576,"minecraft:walk_one_cm":146191,"minecraft:trigger_trapped_chest":5,"minecraft:drop":12,"minecraft:damage_dealt":6701,"minecraft:swim_one_cm":13148,"minecraft:fly_one_cm":52383,"minecraft:open_chest":3,"minecraft:crouch_one_cm":1068,"minecraft:play_time":44762,"tombstone:undead_killed":17,"minecraft:sneak_time":403,"minecraft:walk_under_water_one_cm":5350,"minecraft:jump":485,"minecraft:walk_on_water_one_cm":30586,"minecraft:total_world_time":44762,"minecraft:fall_one_cm":8247},"minecraft:picked_up":{"minecraft:crafting_table":6,"spartanweaponry:iron_warhammer":1,"minecraft:leather":7,"minecraft:smithing_table":1,"spartanweaponry:iron_longsword":1,"minecraft:tuff":3,"minecraft:oak_log":6,"minecraft:gunpowder":1,"scalinghealth:heart_crystal":1,"minecraft:dirt":12,"evilcraft:poison_sac":1,"minecraft:bone":4,"minecraft:chipped_anvil":1,"spartanweaponry:iron_greatsword":2,"minecraft:bow":1,"minecraft:cobbled_deepslate":13,"minecraft:raw_gold":2,"minecraft:beef":8,"scalinghealth:power_crystal_shard":14,"minecraft:iron_pickaxe":2,"minecraft:sugar_cane":17,"minecraft:gray_bed":1,"minecraft:furnace":3,"minecraft:stick":1,"minecraft:raw_iron":17,"hmag:soul_powder":3,"minecraft:gravel":1,"minecraft:porkchop":6,"minecraft:rotten_flesh":10,"minecraft:diamond":3,"evilcraft:dark_gem":40,"minecraft:hay_block":30,"tombstone:magic_scroll":1,"minecraft:oak_sapling":2,"minecraft:mutton":1,"minecraft:coal":37,"minecraft:white_wool":1,"minecraft:cobblestone":20},"minecraft:mined":{"minecraft:tuff":3,"minecraft:deepslate_diamond_ore":3,"minecraft:crafting_table":6,"minecraft:grass_block":3,"minecraft:deepslate_gold_ore":2,"minecraft:sugar_cane":8,"minecraft:hay_block":9,"minecraft:furnace":3,"evilcraft:dark_ore_deepslate":9,"minecraft:iron_ore":11,"minecraft:cobbled_deepslate":1,"minecraft:gray_bed":1,"minecraft:grass":3,"minecraft:oak_log":6,"minecraft:coal_ore":19,"minecraft:deepslate_iron_ore":9,"scalinghealth:deepslate_power_crystal_ore":4,"minecraft:gravel":1,"minecraft:dirt":9,"minecraft:stone":20,"minecraft:chipped_anvil":1,"minecraft:deepslate":15},"minecraft:used":{"minecraft:stone_pickaxe":20,"minecraft:wooden_pickaxe":20,"minecraft:iron_sword":73,"minecraft:torch":6,"scalinghealth:heart_crystal":1,"minecraft:crafting_table":6,"minecraft:iron_axe":29,"minecraft:bread":24,"minecraft:iron_pickaxe":63,"tombstone:magic_scroll":1,"minecraft:stone_axe":28,"minecraft:cobblestone":6,"minecraft:furnace":2,"minecraft:cobbled_deepslate":9,"spartanweaponry:iron_greatsword":19},"minecraft:crafted":{"minecraft:oak_planks":24,"minecraft:crafting_table":1,"minecraft:wooden_pickaxe":1,"minecraft:iron_sword":1,"minecraft:furnace":1,"minecraft:stone_axe":1,"minecraft:bread":90,"minecraft:air":0,"minecraft:iron_chestplate":1,"minecraft:shield":1,"minecraft:stick":16,"minecraft:iron_ingot":17,"minecraft:iron_pickaxe":1,"minecraft:stone_pickaxe":1,"minecraft:torch":24,"minecraft:wheat":270},"minecraft:broken":{"spartanweaponry:iron_greatsword":1},"minecraft:killed":{"hmag:necrotic_reaper":1,"vampirism:vampire":1,"hmag:ghost":2,"minecraft:pig":3,"vampirism:advanced_vampire":1,"minecraft:zombie_villager":1,"minecraft:spider":3,"minecraft:creeper":1,"minecraft:skeleton":2,"minecraft:sheep":1,"hmag:zombie_girl":4,"minecraft:zombie":7,"evilcraft:poisonous_libelle":1,"minecraft:cow":5},"minecraft:dropped":{"minecraft:gravel":1,"hmag:soul_powder":1,"minecraft:tuff":3,"minecraft:rotten_flesh":8,"minecraft:dirt":12,"minecraft:gunpowder":1,"minecraft:oak_sapling":2,"spartanweaponry:iron_greatsword":1,"minecraft:bow":1,"minecraft:iron_pickaxe":2,"minecraft:bone":4}},"DataVersion":3465}