{"stats":{"minecraft:custom":{"minecraft:time_since_rest":8762,"minecraft:crouch_one_cm":282,"minecraft:play_time":8762,"minecraft:sprint_one_cm":38939,"minecraft:damage_taken":40,"minecraft:walk_one_cm":22850,"minecraft:sneak_time":101,"minecraft:walk_under_water_one_cm":413,"minecraft:mob_kills":4,"minecraft:jump":93,"minecraft:damage_dealt":396,"minecraft:time_since_death":8762,"minecraft:walk_on_water_one_cm":1791,"minecraft:total_world_time":8762,"minecraft:swim_one_cm":10110,"minecraft:interact_with_crafting_table":6,"minecraft:fall_one_cm":1527,"minecraft:fly_one_cm":14641},"minecraft:picked_up":{"minecraft:crafting_table":1,"minecraft:hay_block":30,"minecraft:porkchop":6,"scalinghealth:power_crystal_shard":1,"minecraft:oak_log":6,"minecraft:mutton":1,"minecraft:white_wool":1,"minecraft:sugar_cane":17,"minecraft:dirt":12,"minecraft:cobblestone":19},"minecraft:mined":{"minecraft:hay_block":9,"minecraft:grass":3,"minecraft:grass_block":3,"minecraft:oak_log":6,"minecraft:dirt":9,"minecraft:stone":19,"minecraft:sugar_cane":8,"minecraft:crafting_table":1},"minecraft:crafted":{"minecraft:oak_planks":24,"minecraft:stone_axe":1,"minecraft:crafting_table":1,"minecraft:wheat":270,"minecraft:stick":8,"minecraft:stone_pickaxe":1,"minecraft:wooden_pickaxe":1},"minecraft:used":{"minecraft:stone_axe":15,"minecraft:crafting_table":2,"minecraft:wooden_pickaxe":20},"minecraft:killed":{"minecraft:sheep":1,"minecraft:pig":3}},"DataVersion":3465}