{"stats":{"minecraft:custom":{"minecraft:interact_with_furnace":19,"minecraft:mob_kills":61,"minecraft:interact_with_crafting_table":19,"minecraft:open_barrel":7,"minecraft:damage_dealt_resisted":32,"minecraft:time_since_death":5872,"minecraft:sleep_in_bed":1,"minecraft:climb_one_cm":1033,"minecraft:time_since_rest":5559,"minecraft:sprint_one_cm":334704,"minecraft:damage_taken":3844,"minecraft:walk_one_cm":277942,"minecraft:damage_blocked_by_shield":285,"minecraft:trigger_trapped_chest":5,"minecraft:drop":15,"minecraft:damage_dealt":14388,"minecraft:swim_one_cm":24078,"minecraft:fly_one_cm":106114,"minecraft:open_chest":4,"minecraft:crouch_one_cm":1475,"minecraft:play_time":86762,"tombstone:undead_killed":36,"minecraft:deaths":2,"minecraft:sneak_time":538,"minecraft:walk_under_water_one_cm":14417,"minecraft:jump":1095,"minecraft:walk_on_water_one_cm":53395,"minecraft:interact_with_smoker":1,"minecraft:total_world_time":86762,"minecraft:fall_one_cm":25091},"minecraft:picked_up":{"minecraft:crafting_table":6,"spartanweaponry:iron_warhammer":1,"vampirism:item_tent":1,"minecraft:leather":7,"minecraft:smithing_table":1,"spartanweaponry:iron_longsword":1,"artifacts:chorus_totem":1,"minecraft:tuff":3,"minecraft:oak_log":11,"minecraft:gunpowder":1,"scalinghealth:heart_crystal":1,"minecraft:dirt":21,"evilcraft:poison_sac":1,"minecraft:bone":10,"minecraft:chipped_anvil":1,"spartanweaponry:iron_greatsword":2,"minecraft:bow":1,"minecraft:cobbled_deepslate":78,"minecraft:raw_gold":2,"minecraft:beef":8,"scalinghealth:power_crystal_shard":14,"minecraft:iron_pickaxe":2,"minecraft:sugar_cane":17,"minecraft:gray_bed":1,"minecraft:furnace":5,"minecraft:stick":1,"minecraft:raw_iron":17,"hmag:soul_powder":7,"minecraft:torch":14,"minecraft:gravel":1,"minecraft:porkchop":6,"tombstone:grave_dust":1,"minecraft:arrow":1,"minecraft:rotten_flesh":14,"minecraft:diamond":3,"evilcraft:dark_gem":58,"minecraft:hay_block":30,"scalinghealth:cursed_heart":1,"tombstone:magic_scroll":1,"minecraft:oak_sapling":2,"minecraft:mutton":1,"minecraft:coal":83,"minecraft:white_wool":1,"minecraft:cobblestone":31},"minecraft:killed_by":{"minecraft:skeleton":1,"artifacts:mimic":1},"minecraft:mined":{"minecraft:tuff":4,"minecraft:deepslate_diamond_ore":3,"minecraft:sculk_vein":1,"minecraft:crafting_table":7,"minecraft:grass_block":6,"minecraft:deepslate_gold_ore":2,"minecraft:sugar_cane":8,"minecraft:hay_block":9,"minecraft:furnace":5,"evilcraft:dark_ore_deepslate":13,"minecraft:iron_ore":11,"minecraft:cobbled_deepslate":2,"minecraft:gray_bed":1,"minecraft:andesite":19,"vampirism:tent":1,"minecraft:grass":3,"minecraft:pointed_dripstone":5,"minecraft:oak_log":11,"minecraft:coal_ore":19,"minecraft:deepslate_iron_ore":9,"scalinghealth:deepslate_power_crystal_ore":4,"minecraft:gravel":1,"minecraft:dirt":16,"minecraft:oak_leaves":1,"minecraft:stone":71,"minecraft:chipped_anvil":1,"minecraft:deepslate":83},"minecraft:used":{"minecraft:stone_pickaxe":20,"minecraft:shield":10,"minecraft:wooden_pickaxe":44,"minecraft:iron_sword":198,"minecraft:torch":15,"scalinghealth:heart_crystal":1,"minecraft:crafting_table":8,"vampirism:item_tent":1,"minecraft:iron_axe":31,"minecraft:bread":45,"minecraft:iron_pickaxe":204,"tombstone:magic_scroll":1,"minecraft:stone_axe":32,"minecraft:cobblestone":6,"minecraft:furnace":4,"tombstone:gift":2,"minecraft:cobbled_deepslate":56,"spartanweaponry:iron_greatsword":19},"minecraft:crafted":{"minecraft:oak_planks":44,"minecraft:crafting_table":2,"minecraft:wooden_pickaxe":2,"minecraft:iron_helmet":1,"minecraft:iron_sword":1,"minecraft:furnace":1,"minecraft:stone_axe":2,"minecraft:bread":90,"minecraft:air":0,"minecraft:oak_boat":1,"minecraft:iron_chestplate":1,"minecraft:shield":1,"minecraft:stick":24,"minecraft:iron_ingot":20,"minecraft:iron_pickaxe":1,"minecraft:stone_pickaxe":2,"minecraft:torch":24,"minecraft:wheat":270},"minecraft:broken":{"spartanweaponry:iron_greatsword":1},"minecraft:killed":{"hmag:necrotic_reaper":1,"vampirism:vampire":5,"hmag:ghost":4,"minecraft:pig":3,"vampirism:advanced_vampire":1,"minecraft:zombie_villager":2,"minecraft:spider":4,"hmag:skeleton_girl":2,"minecraft:creeper":2,"minecraft:skeleton":8,"minecraft:sheep":1,"hmag:zombie_girl":4,"minecraft:zombie":15,"evilcraft:poisonous_libelle":1,"artifacts:mimic":1,"minecraft:cow":5},"minecraft:dropped":{"minecraft:gravel":1,"hmag:soul_powder":3,"minecraft:cobbled_deepslate":1,"minecraft:tuff":3,"minecraft:rotten_flesh":8,"minecraft:dirt":12,"minecraft:gunpowder":1,"minecraft:oak_sapling":2,"spartanweaponry:iron_greatsword":1,"minecraft:bow":1,"minecraft:iron_pickaxe":2,"minecraft:bone":4}},"DataVersion":3465}