{"stats":{"minecraft:killed":{"vampirism:vampire":2,"hmag:ghost":5,"minecraft:pig":20,"minecraft:spider":6,"minecraft:iron_golem":1,"minecraft:creeper":1,"minecraft:sheep":13,"minecraft:skeleton":6,"hmag:zombie_girl":1,"minecraft:zombie":12,"minecraft:chicken":4,"hmag:cursed_doll":1,"hmag:catoblepas":1,"artifacts:mimic":2},"minecraft:crafted":{"minecraft:raw_iron":9,"minecraft:oak_planks":88,"minecraft:cooked_porkchop":9,"minecraft:crafting_table":3,"minecraft:cooked_chicken":4,"minecraft:wooden_pickaxe":1,"minecraft:iron_sword":1,"minecraft:furnace":1,"minecraft:stone_axe":1,"minecraft:cooked_mutton":12,"minecraft:air":0,"spartanshields:iron_basic_shield":1,"minecraft:charcoal":4,"minecraft:stick":40,"minecraft:iron_ingot":7,"minecraft:iron_pickaxe":1,"minecraft:stone_pickaxe":2,"minecraft:stone_sword":1,"minecraft:chest":3,"spartanshields:wooden_basic_shield":1,"minecraft:white_bed":1,"minecraft:torch":96},"minecraft:custom":{"minecraft:interact_with_furnace":21,"spartanshields:shield_bash_hits":16,"minecraft:mob_kills":78,"minecraft:interact_with_crafting_table":16,"minecraft:leave_game":6,"minecraft:time_since_death":31542,"minecraft:climb_one_cm":5089,"minecraft:time_since_rest":29880,"vampirism:amount_bitten":19,"minecraft:sprint_one_cm":513770,"minecraft:damage_taken":301369,"minecraft:walk_one_cm":444569,"minecraft:damage_blocked_by_shield":501,"minecraft:drop":16,"vampirism:skills_unlocked":4,"minecraft:damage_dealt":13982,"minecraft:swim_one_cm":25236,"minecraft:fly_one_cm":298754,"minecraft:open_chest":11,"minecraft:play_time":147471,"minecraft:crouch_one_cm":2709,"tombstone:undead_killed":24,"minecraft:deaths":5,"minecraft:sneak_time":1763,"minecraft:walk_under_water_one_cm":6275,"minecraft:jump":1838,"minecraft:walk_on_water_one_cm":24504,"minecraft:total_world_time":147471,"vampirism:blood_drunk":9200,"minecraft:fall_one_cm":48656},"minecraft:killed_by":{"minecraft:zombie":1,"minecraft:iron_golem":2,"hmag:zombie_girl":1},"minecraft:dropped":{"minecraft:wheat_seeds":4,"minecraft:stone_sword":2,"minecraft:rotten_flesh":3,"vampirism:amulet":1,"minecraft:coal":1,"spartanweaponry:iron_battleaxe":1,"hmag:copper_nugget":1,"tombstone:grave_dust":1,"minecraft:wooden_pickaxe":1,"minecraft:stone_pickaxe":2,"minecraft:string":2},"minecraft:picked_up":{"minecraft:crafting_table":6,"hmag:copper_nugget":1,"minecraft:feather":5,"minecraft:chicken":4,"spartanweaponry:iron_battleaxe":1,"minecraft:leather":1,"minecraft:wooden_pickaxe":1,"artifacts:anglers_hat":1,"minecraft:tuff":6,"minecraft:oak_log":26,"minecraft:gunpowder":2,"scalinghealth:heart_crystal":5,"minecraft:dirt":9,"minecraft:string":7,"minecraft:bone":1,"vampirism:human_heart":2,"minecraft:wheat_seeds":4,"minecraft:raw_gold":1,"minecraft:cobbled_deepslate":16,"hmag:bat_wing":1,"minecraft:iron_ingot":5,"minecraft:stone_pickaxe":1,"artifacts:aqua_dashers":1,"minecraft:beef":3,"scalinghealth:power_crystal_shard":5,"minecraft:oak_planks":14,"minecraft:poppy":2,"minecraft:chest":1,"minecraft:sugar_cane":54,"minecraft:iron_sword":1,"minecraft:furnace":4,"minecraft:raw_iron":44,"scalinghealth:heart_crystal_shard":10,"hmag:soul_powder":4,"minecraft:torch":26,"minecraft:raw_iron_block":1,"minecraft:porkchop":34,"tombstone:grave_dust":2,"minecraft:spider_eye":1,"minecraft:stone_sword":1,"minecraft:arrow":4,"minecraft:rotten_flesh":9,"minecraft:diamond":16,"hmag:randomberry":1,"evilcraft:dark_gem":28,"tombstone:essence_of_undeath":1,"minecraft:oak_sapling":1,"minecraft:black_wool":1,"minecraft:mutton":19,"minecraft:coal":187,"minecraft:white_wool":13,"minecraft:cobblestone":56},"minecraft:broken":{"minecraft:stone_pickaxe":1,"minecraft:stone_axe":1,"minecraft:iron_sword":1},"minecraft:used":{"minecraft:cooked_mutton":12,"minecraft:stone_sword":117,"minecraft:stone_pickaxe":211,"minecraft:oak_planks":15,"minecraft:chest":4,"minecraft:wooden_pickaxe":16,"vampirism:human_heart":2,"minecraft:iron_sword":83,"minecraft:sugar_cane":18,"minecraft:cooked_chicken":4,"minecraft:torch":41,"minecraft:dirt":5,"scalinghealth:heart_crystal":4,"minecraft:white_bed":1,"minecraft:crafting_table":9,"hmag:randomberry":1,"hmag:spectral_soup":1,"spartanweaponry:iron_battleaxe":14,"minecraft:iron_pickaxe":121,"tombstone:grave_key":1,"evilcraft:flesh_humanoid":1,"minecraft:stone_axe":96,"minecraft:cobblestone":11,"spartanshields:iron_basic_shield":11,"minecraft:furnace":5,"minecraft:oak_sapling":1,"minecraft:cooked_porkchop":9,"tombstone:gift":3},"minecraft:mined":{"minecraft:tuff":6,"minecraft:deepslate_diamond_ore":16,"minecraft:crafting_table":6,"minecraft:torch":2,"minecraft:grass_block":7,"minecraft:chest":1,"minecraft:deepslate_gold_ore":1,"minecraft:tall_grass":4,"minecraft:cobblestone":4,"minecraft:oak_planks":14,"minecraft:sugar_cane":30,"minecraft:wall_torch":2,"minecraft:raw_iron_block":1,"minecraft:furnace":4,"evilcraft:dark_ore_deepslate":6,"minecraft:fire":9,"minecraft:iron_ore":11,"minecraft:deepslate_iron_ore":33,"minecraft:grass":20,"minecraft:oak_log":26,"minecraft:coal_ore":192,"scalinghealth:deepslate_power_crystal_ore":5,"minecraft:dirt":2,"minecraft:stone":49,"minecraft:deepslate":17,"minecraft:oak_leaves":8}},"DataVersion":3465}