{"stats":{"minecraft:killed":{"vampirism:vampire":2,"minecraft:spider":6,"minecraft:skeleton":6,"hmag:zombie_girl":1,"minecraft:chicken":4,"hmag:catoblepas":1,"artifacts:mimic":2,"hmag:ghost":5,"minecraft:pig":20,"minecraft:iron_golem":1,"minecraft:creeper":1,"minecraft:sheep":13,"minecraft:zombie":12,"hmag:cursed_doll":1},"minecraft:crafted":{"minecraft:oak_planks":88,"minecraft:raw_iron":9,"minecraft:cooked_chicken":4,"minecraft:furnace":2,"minecraft:cooked_mutton":12,"spartanshields:iron_basic_shield":1,"minecraft:iron_boots":1,"minecraft:stone_pickaxe":2,"minecraft:chest":4,"minecraft:cooked_porkchop":9,"minecraft:crafting_table":3,"minecraft:wooden_pickaxe":1,"minecraft:iron_helmet":1,"minecraft:iron_sword":1,"minecraft:stone_axe":1,"minecraft:air":0,"minecraft:iron_chestplate":1,"minecraft:charcoal":4,"minecraft:stick":40,"minecraft:iron_ingot":36,"minecraft:iron_pickaxe":2,"minecraft:stone_sword":1,"minecraft:iron_leggings":1,"spartanshields:wooden_basic_shield":1,"minecraft:white_bed":1,"minecraft:torch":96,"minecraft:shears":3},"minecraft:custom":{"minecraft:mob_kills":78,"minecraft:interact_with_crafting_table":26,"minecraft:leave_game":6,"minecraft:time_since_death":61542,"minecraft:climb_one_cm":5562,"minecraft:sprint_one_cm":545779,"vampirism:amount_bitten":19,"minecraft:walk_one_cm":479565,"minecraft:damage_blocked_by_shield":501,"minecraft:drop":17,"vampirism:skills_unlocked":4,"minecraft:play_time":177471,"minecraft:deaths":5,"minecraft:sneak_time":18638,"minecraft:walk_under_water_one_cm":6275,"minecraft:jump":2181,"minecraft:walk_on_water_one_cm":24504,"minecraft:total_world_time":177471,"vampirism:blood_drunk":9200,"minecraft:interact_with_furnace":46,"spartanshields:shield_bash_hits":16,"minecraft:time_since_rest":59880,"minecraft:damage_taken":301385,"minecraft:damage_dealt":13982,"minecraft:swim_one_cm":25236,"minecraft:fly_one_cm":308202,"minecraft:open_chest":23,"minecraft:crouch_one_cm":64034,"tombstone:undead_killed":24,"minecraft:fall_one_cm":63588},"minecraft:killed_by":{"minecraft:iron_golem":2,"hmag:zombie_girl":1,"minecraft:zombie":1},"minecraft:dropped":{"minecraft:wheat_seeds":4,"vampirism:amulet":1,"minecraft:coal":1,"minecraft:gray_wool":1,"hmag:copper_nugget":1,"spartanweaponry:iron_battleaxe":1,"tombstone:grave_dust":1,"minecraft:string":2,"minecraft:stone_sword":2,"minecraft:rotten_flesh":3,"minecraft:stone_pickaxe":2,"minecraft:wooden_pickaxe":1},"minecraft:picked_up":{"minecraft:crafting_table":6,"minecraft:chicken":4,"minecraft:wooden_pickaxe":1,"minecraft:string":7,"minecraft:cobbled_deepslate":17,"artifacts:aqua_dashers":1,"minecraft:beef":3,"hmag:bat_wing":1,"minecraft:poppy":2,"minecraft:sugar_cane":54,"minecraft:chest":1,"minecraft:furnace":5,"minecraft:raw_iron":44,"minecraft:torch":26,"minecraft:porkchop":34,"tombstone:grave_dust":2,"minecraft:deepslate_tile_stairs":2,"minecraft:stone_sword":1,"minecraft:arrow":4,"minecraft:rotten_flesh":9,"minecraft:deepslate_bricks":4,"minecraft:cracked_deepslate_bricks":1,"tombstone:essence_of_undeath":1,"minecraft:mutton":19,"minecraft:white_wool":13,"minecraft:cobblestone":56,"hmag:copper_nugget":1,"minecraft:feather":5,"spartanweaponry:iron_battleaxe":1,"minecraft:leather":1,"artifacts:anglers_hat":1,"minecraft:tuff":6,"minecraft:oak_log":26,"minecraft:gunpowder":2,"scalinghealth:heart_crystal":5,"minecraft:dirt":9,"minecraft:bone":1,"vampirism:human_heart":2,"minecraft:wheat_seeds":4,"minecraft:raw_gold":1,"minecraft:iron_ingot":5,"minecraft:stone_pickaxe":1,"scalinghealth:power_crystal_shard":5,"minecraft:iron_sword":1,"minecraft:oak_planks":14,"scalinghealth:heart_crystal_shard":10,"hmag:soul_powder":4,"minecraft:raw_iron_block":1,"minecraft:spider_eye":1,"minecraft:diamond":17,"hmag:randomberry":1,"evilcraft:dark_gem":28,"minecraft:gray_wool":274,"minecraft:oak_sapling":1,"minecraft:black_wool":1,"minecraft:coal":187},"minecraft:broken":{"minecraft:stone_pickaxe":1,"minecraft:stone_axe":1,"minecraft:iron_sword":1},"minecraft:used":{"minecraft:stone_sword":117,"minecraft:chest":5,"minecraft:iron_sword":83,"minecraft:cooked_chicken":4,"minecraft:torch":43,"minecraft:dirt":5,"scalinghealth:heart_crystal":4,"minecraft:iron_helmet":1,"evilcraft:flesh_humanoid":1,"spartanshields:iron_basic_shield":11,"minecraft:oak_sapling":1,"minecraft:furnace":7,"tombstone:gift":3,"minecraft:cooked_mutton":12,"minecraft:stone_pickaxe":211,"minecraft:oak_planks":15,"minecraft:wooden_pickaxe":16,"vampirism:human_heart":2,"minecraft:sugar_cane":18,"minecraft:crafting_table":9,"hmag:randomberry":1,"minecraft:white_bed":1,"minecraft:shears":285,"hmag:spectral_soup":1,"spartanweaponry:iron_battleaxe":14,"minecraft:iron_pickaxe":131,"tombstone:grave_key":1,"minecraft:stone_axe":96,"minecraft:cobblestone":11,"minecraft:cooked_porkchop":9,"minecraft:gray_wool":195},"minecraft:mined":{"minecraft:tuff":6,"minecraft:deepslate_diamond_ore":17,"minecraft:sculk_vein":2,"minecraft:grass_block":7,"minecraft:deepslate_bricks":4,"minecraft:deepslate_tile_stairs":2,"minecraft:raw_iron_block":1,"minecraft:furnace":5,"minecraft:iron_ore":11,"minecraft:fire":10,"minecraft:deepslate_iron_ore":33,"scalinghealth:deepslate_power_crystal_ore":5,"minecraft:stone":49,"minecraft:crafting_table":6,"minecraft:torch":2,"minecraft:chest":1,"minecraft:cobblestone":4,"minecraft:tall_grass":4,"minecraft:deepslate_gold_ore":1,"minecraft:sugar_cane":30,"minecraft:oak_planks":14,"minecraft:cracked_deepslate_bricks":1,"minecraft:wall_torch":4,"minecraft:gray_wool":287,"evilcraft:dark_ore_deepslate":6,"minecraft:grass":20,"minecraft:coal_ore":192,"minecraft:oak_log":26,"minecraft:dirt":2,"minecraft:oak_leaves":8,"minecraft:deepslate":18}},"DataVersion":3465}