{"stats":{"minecraft:killed":{"vampirism:vampire":2,"hmag:ghost":5,"minecraft:pig":20,"minecraft:spider":6,"minecraft:iron_golem":1,"minecraft:creeper":1,"minecraft:sheep":13,"minecraft:skeleton":6,"hmag:zombie_girl":1,"minecraft:zombie":9,"minecraft:chicken":4,"hmag:cursed_doll":1,"hmag:catoblepas":1,"artifacts:mimic":2},"minecraft:crafted":{"minecraft:oak_planks":64,"minecraft:cooked_porkchop":9,"minecraft:crafting_table":1,"minecraft:cooked_chicken":4,"minecraft:wooden_pickaxe":1,"minecraft:furnace":1,"minecraft:stone_axe":1,"minecraft:cooked_mutton":12,"minecraft:air":0,"spartanshields:iron_basic_shield":1,"minecraft:charcoal":4,"minecraft:stick":36,"minecraft:iron_ingot":7,"minecraft:stone_pickaxe":2,"minecraft:stone_sword":1,"spartanshields:wooden_basic_shield":1,"minecraft:white_bed":1,"minecraft:torch":96},"minecraft:custom":{"minecraft:interact_with_furnace":20,"spartanshields:shield_bash_hits":16,"minecraft:mob_kills":75,"minecraft:interact_with_crafting_table":10,"minecraft:leave_game":6,"minecraft:time_since_death":7542,"minecraft:climb_one_cm":2175,"minecraft:time_since_rest":5880,"vampirism:amount_bitten":13,"minecraft:sprint_one_cm":366008,"minecraft:damage_taken":300595,"minecraft:walk_one_cm":375010,"minecraft:damage_blocked_by_shield":501,"minecraft:drop":12,"vampirism:skills_unlocked":4,"minecraft:damage_dealt":13265,"minecraft:swim_one_cm":23194,"minecraft:fly_one_cm":246253,"minecraft:open_chest":5,"minecraft:play_time":123471,"minecraft:crouch_one_cm":2502,"tombstone:undead_killed":21,"minecraft:deaths":5,"minecraft:sneak_time":1645,"minecraft:walk_under_water_one_cm":6259,"minecraft:jump":1508,"minecraft:walk_on_water_one_cm":21249,"minecraft:total_world_time":123471,"vampirism:blood_drunk":2200,"minecraft:fall_one_cm":33834},"minecraft:killed_by":{"minecraft:zombie":1,"minecraft:iron_golem":2,"hmag:zombie_girl":1},"minecraft:dropped":{"minecraft:wheat_seeds":4,"minecraft:stone_sword":1,"minecraft:coal":1,"spartanweaponry:iron_battleaxe":1,"hmag:copper_nugget":1,"tombstone:grave_dust":1,"minecraft:wooden_pickaxe":1,"minecraft:stone_pickaxe":1,"minecraft:string":2},"minecraft:picked_up":{"minecraft:crafting_table":5,"hmag:copper_nugget":1,"minecraft:feather":5,"minecraft:chicken":4,"spartanweaponry:iron_battleaxe":1,"minecraft:leather":1,"minecraft:wooden_pickaxe":1,"artifacts:anglers_hat":1,"minecraft:oak_log":20,"minecraft:gunpowder":2,"scalinghealth:heart_crystal":4,"minecraft:dirt":9,"minecraft:string":7,"minecraft:bone":1,"minecraft:wheat_seeds":4,"hmag:bat_wing":1,"minecraft:iron_ingot":5,"minecraft:stone_pickaxe":1,"artifacts:aqua_dashers":1,"minecraft:beef":3,"minecraft:poppy":2,"minecraft:sugar_cane":41,"minecraft:iron_sword":1,"minecraft:furnace":4,"minecraft:raw_iron":7,"scalinghealth:heart_crystal_shard":10,"hmag:soul_powder":4,"minecraft:torch":26,"minecraft:porkchop":34,"tombstone:grave_dust":2,"minecraft:spider_eye":1,"minecraft:stone_sword":1,"minecraft:arrow":4,"minecraft:rotten_flesh":6,"hmag:randomberry":1,"tombstone:essence_of_undeath":1,"minecraft:oak_sapling":1,"minecraft:black_wool":1,"minecraft:mutton":19,"minecraft:coal":155,"minecraft:white_wool":13,"minecraft:cobblestone":56},"minecraft:broken":{"minecraft:stone_pickaxe":1,"minecraft:stone_axe":1,"minecraft:iron_sword":1},"minecraft:used":{"minecraft:cooked_mutton":12,"minecraft:stone_sword":117,"minecraft:stone_pickaxe":211,"minecraft:wooden_pickaxe":16,"minecraft:iron_sword":67,"minecraft:sugar_cane":18,"minecraft:cooked_chicken":4,"minecraft:torch":31,"minecraft:dirt":5,"scalinghealth:heart_crystal":3,"minecraft:crafting_table":6,"hmag:randomberry":1,"spartanweaponry:iron_battleaxe":14,"tombstone:grave_key":1,"evilcraft:flesh_humanoid":1,"minecraft:stone_axe":96,"minecraft:cobblestone":11,"spartanshields:iron_basic_shield":11,"minecraft:furnace":4,"minecraft:oak_sapling":1,"minecraft:cooked_porkchop":9,"tombstone:gift":3},"minecraft:mined":{"minecraft:crafting_table":5,"minecraft:torch":2,"minecraft:grass_block":7,"minecraft:tall_grass":4,"minecraft:cobblestone":4,"minecraft:sugar_cane":25,"minecraft:wall_torch":2,"minecraft:furnace":4,"minecraft:fire":2,"minecraft:iron_ore":7,"minecraft:grass":17,"minecraft:oak_log":20,"minecraft:coal_ore":160,"minecraft:dirt":2,"minecraft:stone":49,"minecraft:oak_leaves":7}},"DataVersion":3465}