{"stats":{"minecraft:custom":{"minecraft:time_since_rest":36477,"minecraft:sprint_one_cm":59800,"minecraft:damage_taken":245,"minecraft:walk_one_cm":87283,"minecraft:mob_kills":2,"minecraft:drop":1,"minecraft:damage_dealt":351,"minecraft:swim_one_cm":343,"minecraft:interact_with_crafting_table":2,"minecraft:fly_one_cm":21104,"minecraft:open_chest":4,"minecraft:crouch_one_cm":552,"minecraft:play_time":36477,"tombstone:undead_killed":1,"minecraft:sneak_time":442,"minecraft:walk_under_water_one_cm":1299,"minecraft:jump":163,"minecraft:leave_game":3,"minecraft:walk_on_water_one_cm":6700,"minecraft:time_since_death":36477,"minecraft:climb_one_cm":1035,"minecraft:total_world_time":36477,"minecraft:fall_one_cm":2567},"minecraft:picked_up":{"minecraft:crafting_table":1,"hmag:soul_powder":2,"minecraft:oak_log":11,"minecraft:string":2,"minecraft:wheat_seeds":1,"minecraft:oak_sapling":1,"minecraft:sugar_cane":15,"minecraft:cobblestone":17},"minecraft:mined":{"minecraft:fire":2,"minecraft:crafting_table":1,"minecraft:grass":4,"minecraft:oak_log":11,"minecraft:tall_grass":2,"minecraft:cobblestone":1,"minecraft:stone":16,"minecraft:sugar_cane":8,"minecraft:oak_leaves":2},"minecraft:killed":{"hmag:ghost":1,"minecraft:spider":1},"minecraft:used":{"minecraft:stone_sword":4,"minecraft:stone_pickaxe":1,"minecraft:wooden_pickaxe":16,"minecraft:sugar_cane":12,"minecraft:stone_axe":21,"minecraft:cobblestone":1,"minecraft:crafting_table":1,"minecraft:oak_sapling":1},"minecraft:crafted":{"minecraft:oak_planks":44,"minecraft:crafting_table":1,"minecraft:stick":8,"minecraft:wooden_pickaxe":1,"minecraft:stone_pickaxe":1,"minecraft:stone_sword":1,"minecraft:stone_axe":1},"minecraft:dropped":{"minecraft:wheat_seeds":1}},"DataVersion":3465}