{"stats":{"minecraft:custom":{"minecraft:interact_with_furnace":13,"minecraft:mob_kills":31,"minecraft:interact_with_crafting_table":7,"minecraft:leave_game":5,"minecraft:time_since_death":0,"minecraft:climb_one_cm":1035,"minecraft:time_since_rest":6,"minecraft:sprint_one_cm":136717,"minecraft:damage_taken":1821,"minecraft:walk_one_cm":193080,"minecraft:drop":7,"minecraft:damage_dealt":3874,"minecraft:swim_one_cm":12727,"minecraft:fly_one_cm":56800,"minecraft:open_chest":4,"minecraft:crouch_one_cm":1387,"minecraft:play_time":63941,"tombstone:undead_killed":7,"minecraft:deaths":2,"minecraft:sneak_time":646,"minecraft:walk_under_water_one_cm":3044,"minecraft:jump":559,"minecraft:walk_on_water_one_cm":14106,"minecraft:total_world_time":63941,"minecraft:fall_one_cm":10987},"minecraft:picked_up":{"minecraft:crafting_table":3,"minecraft:feather":5,"minecraft:chicken":4,"spartanweaponry:iron_battleaxe":1,"minecraft:leather":1,"minecraft:wooden_pickaxe":1,"minecraft:oak_log":15,"minecraft:gunpowder":2,"minecraft:string":2,"minecraft:dirt":5,"minecraft:wheat_seeds":3,"hmag:bat_wing":1,"minecraft:stone_pickaxe":1,"minecraft:sugar_cane":15,"minecraft:furnace":2,"minecraft:raw_iron":7,"scalinghealth:heart_crystal_shard":6,"hmag:soul_powder":2,"minecraft:torch":4,"minecraft:porkchop":9,"tombstone:grave_dust":1,"minecraft:arrow":2,"minecraft:rotten_flesh":1,"tombstone:essence_of_undeath":1,"minecraft:oak_sapling":1,"minecraft:mutton":14,"minecraft:coal":90,"minecraft:white_wool":9,"minecraft:cobblestone":32},"minecraft:killed_by":{"minecraft:zombie":1,"hmag:zombie_girl":1},"minecraft:mined":{"minecraft:crafting_table":3,"minecraft:torch":2,"minecraft:grass_block":4,"minecraft:cobblestone":1,"minecraft:tall_grass":2,"minecraft:sugar_cane":8,"minecraft:wall_torch":2,"minecraft:furnace":2,"minecraft:iron_ore":7,"minecraft:fire":2,"minecraft:grass":10,"minecraft:coal_ore":90,"minecraft:oak_log":15,"minecraft:dirt":1,"minecraft:stone":28,"minecraft:oak_leaves":5},"minecraft:killed":{"vampirism:vampire":1,"hmag:ghost":2,"minecraft:pig":6,"minecraft:spider":1,"minecraft:creeper":1,"minecraft:sheep":9,"minecraft:skeleton":2,"hmag:zombie_girl":1,"minecraft:zombie":2,"minecraft:chicken":4},"minecraft:crafted":{"minecraft:oak_planks":44,"minecraft:crafting_table":1,"minecraft:wooden_pickaxe":1,"minecraft:cooked_chicken":4,"minecraft:furnace":1,"minecraft:stone_axe":1,"minecraft:cooked_mutton":12,"minecraft:air":0,"spartanshields:iron_basic_shield":1,"minecraft:charcoal":4,"minecraft:stick":32,"minecraft:iron_ingot":7,"minecraft:stone_pickaxe":1,"minecraft:stone_sword":1,"spartanshields:wooden_basic_shield":1,"minecraft:torch":96},"minecraft:used":{"minecraft:cooked_mutton":12,"minecraft:stone_sword":49,"minecraft:stone_pickaxe":112,"minecraft:wooden_pickaxe":16,"minecraft:sugar_cane":15,"minecraft:cooked_chicken":3,"minecraft:torch":4,"minecraft:dirt":5,"minecraft:crafting_table":3,"spartanweaponry:iron_battleaxe":14,"evilcraft:flesh_humanoid":1,"minecraft:stone_axe":55,"minecraft:cobblestone":2,"minecraft:oak_sapling":1,"minecraft:furnace":2,"tombstone:gift":2},"minecraft:dropped":{"minecraft:wheat_seeds":3,"spartanweaponry:iron_battleaxe":1,"tombstone:grave_dust":1,"minecraft:stone_pickaxe":1,"minecraft:wooden_pickaxe":1}},"DataVersion":3465}