{"stats":{"minecraft:custom":{"minecraft:jump":83,"minecraft:open_chest":3,"minecraft:time_since_rest":15213,"minecraft:damage_taken":110,"minecraft:crouch_one_cm":221,"minecraft:leave_game":2,"minecraft:play_time":15213,"minecraft:sprint_one_cm":42949,"minecraft:time_since_death":15213,"minecraft:walk_on_water_one_cm":546,"minecraft:walk_one_cm":11306,"minecraft:sneak_time":120,"minecraft:climb_one_cm":48,"minecraft:total_world_time":15213,"minecraft:walk_under_water_one_cm":60,"minecraft:swim_one_cm":343,"minecraft:fall_one_cm":1756,"minecraft:fly_one_cm":17352},"minecraft:mined":{"minecraft:fire":1}},"DataVersion":3465}