{"stats":{"minecraft:custom":{"minecraft:interact_with_furnace":18,"spartanshields:shield_bash_hits":13,"minecraft:mob_kills":56,"minecraft:interact_with_crafting_table":10,"minecraft:leave_game":5,"minecraft:time_since_death":23163,"minecraft:climb_one_cm":1035,"minecraft:time_since_rest":20764,"minecraft:sprint_one_cm":257438,"minecraft:damage_taken":2787,"minecraft:walk_one_cm":265207,"minecraft:damage_blocked_by_shield":384,"minecraft:drop":9,"minecraft:damage_dealt":9124,"minecraft:swim_one_cm":15729,"minecraft:fly_one_cm":118869,"minecraft:open_chest":4,"minecraft:crouch_one_cm":2371,"minecraft:play_time":87193,"tombstone:undead_killed":15,"minecraft:deaths":2,"minecraft:sneak_time":1396,"minecraft:walk_under_water_one_cm":4326,"minecraft:jump":1015,"minecraft:walk_on_water_one_cm":16618,"minecraft:total_world_time":87193,"minecraft:fall_one_cm":21416},"minecraft:picked_up":{"minecraft:crafting_table":5,"hmag:copper_nugget":1,"minecraft:feather":5,"minecraft:chicken":4,"spartanweaponry:iron_battleaxe":1,"minecraft:leather":1,"minecraft:wooden_pickaxe":1,"artifacts:anglers_hat":1,"minecraft:oak_log":15,"minecraft:gunpowder":2,"scalinghealth:heart_crystal":2,"minecraft:dirt":8,"minecraft:string":4,"minecraft:bone":1,"minecraft:wheat_seeds":3,"artifacts:aqua_dashers":1,"minecraft:stone_pickaxe":1,"hmag:bat_wing":1,"minecraft:sugar_cane":15,"minecraft:iron_sword":1,"minecraft:furnace":3,"minecraft:raw_iron":7,"scalinghealth:heart_crystal_shard":6,"hmag:soul_powder":2,"minecraft:torch":4,"minecraft:porkchop":29,"tombstone:grave_dust":2,"minecraft:arrow":4,"minecraft:rotten_flesh":2,"tombstone:essence_of_undeath":1,"minecraft:oak_sapling":1,"minecraft:black_wool":1,"minecraft:mutton":14,"minecraft:coal":147,"minecraft:white_wool":9,"minecraft:cobblestone":54},"minecraft:killed_by":{"minecraft:zombie":1,"hmag:zombie_girl":1},"minecraft:mined":{"minecraft:crafting_table":5,"minecraft:torch":2,"minecraft:grass_block":6,"minecraft:tall_grass":3,"minecraft:cobblestone":4,"minecraft:sugar_cane":8,"minecraft:wall_torch":2,"minecraft:furnace":3,"minecraft:iron_ore":7,"minecraft:fire":2,"minecraft:grass":12,"minecraft:oak_log":15,"minecraft:coal_ore":149,"minecraft:dirt":2,"minecraft:stone":47,"minecraft:oak_leaves":6},"minecraft:killed":{"vampirism:vampire":2,"hmag:ghost":3,"minecraft:pig":17,"minecraft:spider":3,"minecraft:creeper":1,"minecraft:sheep":9,"minecraft:skeleton":6,"hmag:zombie_girl":1,"minecraft:zombie":5,"minecraft:chicken":4,"hmag:cursed_doll":1,"artifacts:mimic":2},"minecraft:crafted":{"minecraft:oak_planks":44,"minecraft:cooked_porkchop":9,"minecraft:crafting_table":1,"minecraft:wooden_pickaxe":1,"minecraft:cooked_chicken":4,"minecraft:furnace":1,"minecraft:stone_axe":1,"minecraft:cooked_mutton":12,"minecraft:air":0,"spartanshields:iron_basic_shield":1,"minecraft:charcoal":4,"minecraft:stick":36,"minecraft:iron_ingot":7,"minecraft:stone_pickaxe":2,"minecraft:stone_sword":1,"spartanshields:wooden_basic_shield":1,"minecraft:white_bed":1,"minecraft:torch":96},"minecraft:used":{"minecraft:cooked_mutton":12,"minecraft:stone_sword":60,"minecraft:stone_pickaxe":197,"minecraft:wooden_pickaxe":16,"minecraft:iron_sword":56,"minecraft:sugar_cane":15,"minecraft:cooked_chicken":4,"minecraft:torch":9,"minecraft:dirt":5,"minecraft:crafting_table":5,"spartanweaponry:iron_battleaxe":14,"evilcraft:flesh_humanoid":1,"minecraft:stone_axe":74,"minecraft:cobblestone":11,"spartanshields:iron_basic_shield":10,"minecraft:furnace":3,"minecraft:oak_sapling":1,"minecraft:cooked_porkchop":7,"tombstone:gift":3},"minecraft:broken":{"minecraft:stone_pickaxe":1},"minecraft:dropped":{"minecraft:wheat_seeds":3,"hmag:copper_nugget":1,"spartanweaponry:iron_battleaxe":1,"tombstone:grave_dust":1,"minecraft:wooden_pickaxe":1,"minecraft:stone_pickaxe":1,"minecraft:string":2}},"DataVersion":3465}