{"stats":{"minecraft:custom":{"minecraft:interact_with_furnace":20,"spartanshields:shield_bash_hits":15,"minecraft:mob_kills":69,"minecraft:interact_with_crafting_table":10,"minecraft:leave_game":6,"minecraft:time_since_death":34170,"minecraft:climb_one_cm":1035,"minecraft:time_since_rest":31771,"vampirism:amount_bitten":9,"minecraft:sprint_one_cm":296442,"minecraft:damage_taken":3323,"minecraft:walk_one_cm":301706,"minecraft:damage_blocked_by_shield":384,"minecraft:drop":9,"vampirism:skills_unlocked":1,"minecraft:damage_dealt":11355,"minecraft:swim_one_cm":22137,"minecraft:fly_one_cm":152032,"minecraft:open_chest":4,"minecraft:crouch_one_cm":2502,"minecraft:play_time":98200,"tombstone:undead_killed":18,"minecraft:deaths":2,"minecraft:sneak_time":1520,"minecraft:walk_under_water_one_cm":5586,"minecraft:jump":1196,"minecraft:walk_on_water_one_cm":16635,"minecraft:total_world_time":98200,"vampirism:blood_drunk":1100,"minecraft:fall_one_cm":24566},"minecraft:picked_up":{"minecraft:crafting_table":5,"hmag:copper_nugget":1,"minecraft:feather":5,"minecraft:chicken":4,"spartanweaponry:iron_battleaxe":1,"minecraft:leather":1,"minecraft:wooden_pickaxe":1,"artifacts:anglers_hat":1,"minecraft:oak_log":15,"minecraft:gunpowder":2,"scalinghealth:heart_crystal":3,"minecraft:dirt":9,"minecraft:string":6,"minecraft:bone":1,"minecraft:wheat_seeds":3,"minecraft:beef":3,"artifacts:aqua_dashers":1,"minecraft:stone_pickaxe":1,"hmag:bat_wing":1,"minecraft:sugar_cane":15,"minecraft:iron_sword":1,"minecraft:furnace":4,"minecraft:raw_iron":7,"scalinghealth:heart_crystal_shard":6,"hmag:soul_powder":2,"minecraft:torch":26,"minecraft:porkchop":33,"tombstone:grave_dust":2,"minecraft:arrow":4,"minecraft:rotten_flesh":5,"hmag:randomberry":1,"tombstone:essence_of_undeath":1,"minecraft:oak_sapling":1,"minecraft:black_wool":1,"minecraft:mutton":19,"minecraft:coal":154,"minecraft:white_wool":13,"minecraft:cobblestone":56},"minecraft:killed_by":{"minecraft:zombie":1,"hmag:zombie_girl":1},"minecraft:mined":{"minecraft:crafting_table":5,"minecraft:torch":2,"minecraft:grass_block":7,"minecraft:tall_grass":3,"minecraft:cobblestone":4,"minecraft:sugar_cane":8,"minecraft:wall_torch":2,"minecraft:furnace":4,"minecraft:iron_ore":7,"minecraft:fire":2,"minecraft:grass":16,"minecraft:oak_log":15,"minecraft:coal_ore":160,"minecraft:dirt":2,"minecraft:stone":49,"minecraft:oak_leaves":6},"minecraft:killed":{"vampirism:vampire":2,"hmag:ghost":3,"minecraft:pig":20,"minecraft:spider":5,"minecraft:creeper":1,"minecraft:sheep":13,"minecraft:skeleton":6,"hmag:zombie_girl":1,"minecraft:zombie":8,"minecraft:chicken":4,"hmag:cursed_doll":1,"hmag:catoblepas":1,"artifacts:mimic":2},"minecraft:crafted":{"minecraft:oak_planks":44,"minecraft:cooked_porkchop":9,"minecraft:crafting_table":1,"minecraft:wooden_pickaxe":1,"minecraft:cooked_chicken":4,"minecraft:furnace":1,"minecraft:stone_axe":1,"minecraft:cooked_mutton":12,"minecraft:air":0,"spartanshields:iron_basic_shield":1,"minecraft:charcoal":4,"minecraft:stick":36,"minecraft:iron_ingot":7,"minecraft:stone_pickaxe":2,"minecraft:stone_sword":1,"spartanshields:wooden_basic_shield":1,"minecraft:white_bed":1,"minecraft:torch":96},"minecraft:used":{"minecraft:cooked_mutton":12,"minecraft:stone_sword":75,"minecraft:stone_pickaxe":211,"minecraft:wooden_pickaxe":16,"minecraft:iron_sword":67,"minecraft:sugar_cane":15,"minecraft:cooked_chicken":4,"minecraft:torch":31,"minecraft:dirt":5,"scalinghealth:heart_crystal":3,"minecraft:crafting_table":5,"spartanweaponry:iron_battleaxe":14,"evilcraft:flesh_humanoid":1,"minecraft:stone_axe":96,"minecraft:cobblestone":11,"spartanshields:iron_basic_shield":10,"minecraft:furnace":4,"minecraft:oak_sapling":1,"minecraft:cooked_porkchop":9,"tombstone:gift":3},"minecraft:broken":{"minecraft:stone_pickaxe":1,"minecraft:stone_axe":1,"minecraft:iron_sword":1},"minecraft:dropped":{"minecraft:wheat_seeds":3,"hmag:copper_nugget":1,"spartanweaponry:iron_battleaxe":1,"tombstone:grave_dust":1,"minecraft:wooden_pickaxe":1,"minecraft:stone_pickaxe":1,"minecraft:string":2}},"DataVersion":3465}