{"stats":{"minecraft:custom":{"minecraft:time_since_rest":27213,"minecraft:open_chest":3,"minecraft:crouch_one_cm":280,"minecraft:sprint_one_cm":59800,"minecraft:play_time":27213,"minecraft:damage_taken":110,"minecraft:walk_one_cm":35169,"minecraft:sneak_time":330,"minecraft:walk_under_water_one_cm":1299,"minecraft:jump":117,"minecraft:leave_game":2,"minecraft:walk_on_water_one_cm":5510,"minecraft:time_since_death":27213,"minecraft:total_world_time":27213,"minecraft:climb_one_cm":887,"minecraft:swim_one_cm":343,"minecraft:interact_with_crafting_table":1,"minecraft:fall_one_cm":2023,"minecraft:fly_one_cm":20195},"minecraft:picked_up":{"minecraft:oak_log":6,"minecraft:oak_sapling":1},"minecraft:mined":{"minecraft:oak_log":6,"minecraft:fire":1,"minecraft:tall_grass":2,"minecraft:oak_leaves":1},"minecraft:used":{"minecraft:crafting_table":1,"minecraft:oak_sapling":1},"minecraft:crafted":{"minecraft:oak_planks":24,"minecraft:crafting_table":1,"minecraft:stick":4,"minecraft:wooden_pickaxe":1}},"DataVersion":3465}