{"stats":{"minecraft:custom":{"minecraft:interact_with_furnace":18,"spartanshields:shield_bash_hits":8,"minecraft:mob_kills":36,"minecraft:interact_with_crafting_table":8,"minecraft:leave_game":5,"minecraft:time_since_death":11163,"minecraft:climb_one_cm":1035,"minecraft:time_since_rest":8764,"minecraft:sprint_one_cm":199187,"minecraft:damage_taken":2383,"minecraft:walk_one_cm":220164,"minecraft:damage_blocked_by_shield":293,"minecraft:drop":7,"minecraft:damage_dealt":5052,"minecraft:swim_one_cm":13569,"minecraft:fly_one_cm":80713,"minecraft:open_chest":4,"minecraft:crouch_one_cm":1387,"minecraft:play_time":75193,"tombstone:undead_killed":10,"minecraft:deaths":2,"minecraft:sneak_time":656,"minecraft:walk_under_water_one_cm":3078,"minecraft:jump":754,"minecraft:walk_on_water_one_cm":15473,"minecraft:total_world_time":75193,"minecraft:fall_one_cm":15691},"minecraft:picked_up":{"minecraft:crafting_table":4,"minecraft:feather":5,"minecraft:chicken":4,"spartanweaponry:iron_battleaxe":1,"minecraft:leather":1,"minecraft:wooden_pickaxe":1,"minecraft:oak_log":15,"minecraft:gunpowder":2,"scalinghealth:heart_crystal":1,"minecraft:dirt":8,"minecraft:string":2,"minecraft:bone":1,"minecraft:wheat_seeds":3,"minecraft:stone_pickaxe":1,"hmag:bat_wing":1,"minecraft:sugar_cane":15,"minecraft:iron_sword":1,"minecraft:furnace":3,"minecraft:raw_iron":7,"scalinghealth:heart_crystal_shard":6,"hmag:soul_powder":2,"minecraft:torch":4,"minecraft:porkchop":9,"tombstone:grave_dust":1,"minecraft:arrow":4,"minecraft:rotten_flesh":1,"tombstone:essence_of_undeath":1,"minecraft:oak_sapling":1,"minecraft:mutton":14,"minecraft:coal":100,"minecraft:white_wool":9,"minecraft:cobblestone":54},"minecraft:killed_by":{"minecraft:zombie":1,"hmag:zombie_girl":1},"minecraft:mined":{"minecraft:crafting_table":4,"minecraft:torch":2,"minecraft:grass_block":6,"minecraft:tall_grass":2,"minecraft:cobblestone":4,"minecraft:sugar_cane":8,"minecraft:wall_torch":2,"minecraft:furnace":3,"minecraft:iron_ore":7,"minecraft:fire":2,"minecraft:grass":10,"minecraft:oak_log":15,"minecraft:coal_ore":100,"minecraft:dirt":2,"minecraft:stone":47,"minecraft:oak_leaves":5},"minecraft:killed":{"vampirism:vampire":2,"hmag:ghost":2,"minecraft:pig":6,"minecraft:spider":2,"minecraft:creeper":1,"minecraft:sheep":9,"minecraft:skeleton":5,"hmag:zombie_girl":1,"minecraft:zombie":2,"minecraft:chicken":4},"minecraft:crafted":{"minecraft:oak_planks":44,"minecraft:cooked_porkchop":9,"minecraft:crafting_table":1,"minecraft:wooden_pickaxe":1,"minecraft:cooked_chicken":4,"minecraft:furnace":1,"minecraft:stone_axe":1,"minecraft:cooked_mutton":12,"minecraft:air":0,"spartanshields:iron_basic_shield":1,"minecraft:charcoal":4,"minecraft:stick":36,"minecraft:iron_ingot":7,"minecraft:stone_pickaxe":2,"minecraft:stone_sword":1,"spartanshields:wooden_basic_shield":1,"minecraft:torch":96},"minecraft:used":{"minecraft:cooked_mutton":12,"minecraft:stone_sword":60,"minecraft:stone_pickaxe":148,"minecraft:wooden_pickaxe":16,"minecraft:iron_sword":8,"minecraft:sugar_cane":15,"minecraft:cooked_chicken":4,"minecraft:torch":5,"minecraft:dirt":5,"minecraft:crafting_table":4,"spartanweaponry:iron_battleaxe":14,"evilcraft:flesh_humanoid":1,"minecraft:stone_axe":56,"minecraft:cobblestone":8,"spartanshields:iron_basic_shield":7,"minecraft:furnace":3,"minecraft:oak_sapling":1,"minecraft:cooked_porkchop":4,"tombstone:gift":3},"minecraft:broken":{"minecraft:stone_pickaxe":1},"minecraft:dropped":{"minecraft:wheat_seeds":3,"spartanweaponry:iron_battleaxe":1,"tombstone:grave_dust":1,"minecraft:wooden_pickaxe":1,"minecraft:stone_pickaxe":1}},"DataVersion":3465}