{"stats":{"minecraft:custom":{"minecraft:time_since_rest":51925,"minecraft:interact_with_furnace":10,"minecraft:sprint_one_cm":86666,"minecraft:damage_taken":315,"minecraft:walk_one_cm":146373,"minecraft:mob_kills":21,"minecraft:drop":5,"minecraft:damage_dealt":1928,"minecraft:swim_one_cm":4440,"minecraft:interact_with_crafting_table":4,"minecraft:fly_one_cm":37147,"minecraft:open_chest":4,"minecraft:crouch_one_cm":1312,"minecraft:play_time":51925,"tombstone:undead_killed":1,"minecraft:sneak_time":557,"minecraft:walk_under_water_one_cm":2704,"minecraft:jump":359,"minecraft:leave_game":4,"minecraft:walk_on_water_one_cm":11279,"minecraft:time_since_death":51925,"minecraft:climb_one_cm":1035,"minecraft:total_world_time":51925,"minecraft:fall_one_cm":5185},"minecraft:picked_up":{"minecraft:crafting_table":2,"scalinghealth:heart_crystal_shard":6,"minecraft:feather":5,"minecraft:chicken":4,"hmag:soul_powder":2,"minecraft:wooden_pickaxe":1,"minecraft:porkchop":9,"minecraft:oak_log":15,"minecraft:dirt":2,"minecraft:string":2,"minecraft:wheat_seeds":3,"minecraft:stone_pickaxe":1,"minecraft:oak_sapling":1,"minecraft:coal":72,"minecraft:sugar_cane":15,"minecraft:mutton":14,"minecraft:white_wool":9,"minecraft:cobblestone":27,"minecraft:furnace":1},"minecraft:mined":{"minecraft:furnace":1,"minecraft:fire":2,"minecraft:crafting_table":2,"minecraft:grass":10,"minecraft:coal_ore":73,"minecraft:grass_block":2,"minecraft:oak_log":15,"minecraft:tall_grass":2,"minecraft:cobblestone":1,"minecraft:stone":26,"minecraft:sugar_cane":8,"minecraft:oak_leaves":5},"minecraft:crafted":{"minecraft:oak_planks":44,"minecraft:charcoal":4,"minecraft:crafting_table":1,"minecraft:stick":8,"minecraft:cooked_chicken":4,"minecraft:wooden_pickaxe":1,"minecraft:stone_pickaxe":1,"minecraft:stone_sword":1,"minecraft:furnace":1,"minecraft:torch":4,"minecraft:stone_axe":1,"minecraft:cooked_mutton":12,"minecraft:air":0},"minecraft:used":{"minecraft:cooked_mutton":5,"minecraft:stone_sword":5,"minecraft:stone_pickaxe":85,"minecraft:wooden_pickaxe":16,"minecraft:sugar_cane":15,"minecraft:stone_axe":54,"minecraft:dirt":2,"minecraft:cobblestone":1,"minecraft:crafting_table":2,"minecraft:furnace":1,"minecraft:oak_sapling":1},"minecraft:killed":{"minecraft:sheep":9,"hmag:ghost":1,"minecraft:pig":6,"minecraft:chicken":4,"minecraft:spider":1},"minecraft:dropped":{"minecraft:wheat_seeds":3,"minecraft:wooden_pickaxe":1,"minecraft:stone_pickaxe":1}},"DataVersion":3465}