{
  "tombstone:tutorial/root": {
    "criteria": {
      "auto": "2024-08-06 20:04:45 +0000"
    },
    "done": true
  },
  "cfm:root": {
    "criteria": {
      "tick": "2024-08-06 20:04:45 +0000"
    },
    "done": true
  },
  "cfm:install": {
    "criteria": {
      "tick": "2024-08-06 20:04:45 +0000"
    },
    "done": true
  },
  "minecraft:adventure/adventuring_time": {
    "criteria": {
      "extreme_hills_with_trees": "2024-08-06 20:04:45 +0000",
      "extreme_hills": "2024-08-06 20:06:42 +0000"
    },
    "done": false
  }
}