{
  "minecraft:recipes/decorations/crafting_table": {
    "criteria": {
      "unlock_right_away": "2024-07-15 01:15:37 +0000"
    },
    "done": true
  },
  "cataclysm:root": {
    "criteria": {
      "custom_test_name": "2024-07-15 01:15:37 +0000"
    },
    "done": true
  },
  "parcool:grant_parcool_guide": {
    "criteria": {
      "tick": "2024-07-15 01:15:37 +0000"
    },
    "done": true
  },
  "minecraft:adventure/adventuring_time": {
    "criteria": {
      "minecraft:snowy_slopes": "2024-07-15 01:47:26 +0000",
      "minecraft:cherry_grove": "2024-07-15 02:00:34 +0000",
      "minecraft:sunflower_plains": "2024-07-15 01:46:44 +0000",
      "minecraft:birch_forest": "2024-07-15 01:49:39 +0000",
      "minecraft:river": "2024-07-15 01:34:18 +0000",
      "minecraft:dripstone_caves": "2024-07-15 01:44:15 +0000",
      "minecraft:grove": "2024-07-15 02:07:44 +0000",
      "minecraft:forest": "2024-07-15 01:41:30 +0000",
      "minecraft:flower_forest": "2024-07-15 01:47:01 +0000",
      "minecraft:old_growth_birch_forest": "2024-07-15 01:49:21 +0000",
      "minecraft:deep_dark": "2024-07-15 01:46:12 +0000",
      "minecraft:meadow": "2024-07-15 01:41:43 +0000",
      "minecraft:plains": "2024-07-15 01:15:39 +0000"
    },
    "done": false
  },
  "tombstone:adventure/root": {
    "criteria": {
      "auto": "2024-07-15 01:15:39 +0000"
    },
    "done": true
  },
  "toms_storage:unlock_glowstone": {
    "criteria": {
      "inv_changed-glowstone": "2024-07-15 01:38:16 +0000"
    },
    "done": true
  },
  "toms_storage:unlock_netherite": {
    "criteria": {
      "inv_changed-netherite": "2024-07-15 01:38:16 +0000"
    },
    "done": true
  },
  "toms_storage:unlock_chest": {
    "criteria": {
      "inv_changed-chest": "2024-07-15 01:38:16 +0000"
    },
    "done": true
  },
  "toms_storage:unlock_dia_pearl": {
    "criteria": {
      "inv_changed-ender_pearl": "2024-07-15 01:38:16 +0000",
      "inv_changed-diamond": "2024-07-15 01:38:16 +0000"
    },
    "done": true
  },
  "DataVersion": 3465
}